time,option_idx,nu,mid_price,trade_dir,trade_price,z_i,vega_i
3.5999999999999994e-07,4,0.022507656884275935,1.2160932018567123,1,1.2205271539029825,411160.5417451298,0.909136
6e-07,12,0.022514108842239457,0.2161055612974797,1,0.2555324607350764,2314214.833191395,1.054
6e-07,13,0.022514108842239457,0.3318865059231535,-1,0.3166112749163348,1506745.7005011437,0.967756
1.0799999999999998e-06,10,0.022498025834807714,0.8276789346984583,-1,0.8198062365200967,604094.5528794167,0.921681
4.319999999999999e-06,5,0.02248328186597124,1.317033517904956,1,1.3194603192441694,379627.66118990496,0.833947
5.16e-06,19,0.02256016285092228,0.35230424129092025,1,0.35865731359068087,1419744.6731179864,0.639898
5.639999999999999e-06,8,0.02253714187170538,0.5849963709837882,-1,0.5840733836791537,854931.759346969,1.24739
5.88e-06,16,0.022558850739109026,0.05815185261965252,1,0.08385696421959389,8614258.665513504,0.553724
6.12e-06,6,0.022551734103084888,1.4071006053125121,-1,1.405343682272318,355373.6042701692,0.7578
6.12e-06,11,0.022551734103084888,1.014409642921294,1,1.0446781475238833,492960.52372126037,0.752216
6.5999999999999995e-06,11,0.0225344952866424,1.0143664598960496,-1,0.9915492147033597,492960.52372126037,0.752216
8.16e-06,8,0.02256588996071153,0.5851157679783685,-1,0.550909723684214,854931.759346969,1.24739
9.479999999999999e-06,9,0.02252090425002273,0.7165026000126231,1,0.7307116934879602,697905.8636654854,1.05649
9.6e-06,7,0.022519599040961347,1.5641021684125649,-1,1.5450112558429754,319680.8306586704,0.645607
9.96e-06,5,0.022542186073711945,1.3171972149151416,1,1.3442708204296088,379627.66118990496,0.833947
1.0079999999999998e-05,15,0.022545440815401052,0.6174576106441939,1,0.6175220797112386,809919.8989219966,0.74383
1.176e-05,8,0.022539331881458742,0.5850054692437592,-1,0.5783287584119269,854931.759346969,1.24739
1.1999999999999999e-05,19,0.02253350084065634,0.3522474304909875,1,0.36503930682233166,1419744.6731179864,0.639898
1.212e-05,5,0.02253121499998353,1.317166742110676,-1,1.316151465976886,379627.66118990496,0.833947
1.224e-05,16,0.02252668677000534,0.058092542419762576,-1,0.05213500595531306,8614258.665513504,0.553724
1.2359999999999999e-05,13,0.02252389865677097,0.3319180731009987,-1,0.3289278463204685,1506745.7005011437,0.967756
1.26e-05,16,0.022545274258014582,0.05812682281600297,1,0.05961508541152846,8614258.665513504,0.553724
1.332e-05,9,0.022565623983184593,0.716659935341507,1,0.7211390884287248,697905.8636654854,1.05649
1.332e-05,12,0.022565623983184593,0.21628639105902409,1,0.2430646486277181,2314214.833191395,1.054
1.368e-05,16,0.02255474365059588,0.058144281524621304,-1,0.027585589563755106,8614258.665513504,0.553724
1.3919999999999999e-05,19,0.02253592656839058,0.35225260056533586,1,0.38143571999759684,1419744.6731179864,0.639898
1.4159999999999998e-05,11,0.022530638719938864,1.0143567969827387,1,1.056373699586362,492960.52372126037,0.752216
1.4879999999999998e-05,15,0.022545761477008305,0.6174584048988142,-1,0.6106399842522735,809919.8989219966,0.74383
1.5239999999999998e-05,14,0.02250770030169665,0.4358735390622333,1,0.43713938540873415,1147181.0320499437,0.878186
1.6199999999999997e-05,9,0.02248041366971605,0.7163600091089213,-1,0.65771096989007,697905.8636654854,1.05649
1.632e-05,9,0.022480872648986187,0.7163616261613462,-1,0.7084401004098836,697905.8636654854,1.05649
1.7999999999999997e-05,0,0.022498742858088068,2.056288272444977,1,2.061816429372909,243156.3641315184,0.412252
1.7999999999999997e-05,11,0.022498742858088068,1.014276847815101,-1,0.9645939166463097,492960.52372126037,0.752216
1.7999999999999997e-05,16,0.022498742858088068,0.0580409796020942,1,0.07763699114713792,8614258.665513504,0.553724
1.9079999999999997e-05,15,0.02249007643674343,0.6173203924729065,1,0.6356602850903671,809919.8989219966,0.74383
1.92e-05,8,0.022475721689973135,0.5847410243497428,-1,0.5561506694116656,854931.759346969,1.24739
1.956e-05,8,0.022488917469800064,0.5847959135330956,-1,0.5691335378558324,854931.759346969,1.24739
1.9679999999999998e-05,9,0.022488138497498842,0.7163872226306562,-1,0.6946981448027075,697905.8636654854,1.05649
1.9679999999999998e-05,17,0.022488138497498842,0.12827304416477767,-1,0.08822897336969295,3897146.5093258717,0.656386
2.0519999999999997e-05,13,0.022492666007879924,0.3318173396888653,-1,0.29457379856016663,1506745.7005011437,0.967756
2.064e-05,4,0.022472397069160325,1.2159863249352734,1,1.2398466598653475,411160.5417451298,0.909136
2.0879999999999997e-05,7,0.02246116050041358,1.5639763803890059,1,1.564557798822598,319680.8306586704,0.645607
2.0879999999999997e-05,9,0.02246116050041358,0.7162921624458546,-1,0.7087631640908489,697905.8636654854,1.05649
2.0879999999999997e-05,14,0.02246116050041358,0.4357372565435312,-1,0.42929898487479756,1147181.0320499437,0.878186
2.136e-05,9,0.022468126717858083,0.7163167142073317,-1,0.710467267203417,697905.8636654854,1.05649
2.244e-05,5,0.02247454738525074,1.3170092262066497,1,1.3385672084881852,379627.66118990496,0.833947
2.316e-05,14,0.02245142483249548,0.4357087297316543,1,0.43684894057060786,1147181.0320499437,0.878186
2.3999999999999997e-05,4,0.022450752301540044,1.2159206753933582,1,1.2188935828044352,411160.5417451298,0.909136
2.4599999999999998e-05,11,0.022457572004864392,1.0141735664118747,1,1.019181735898977,492960.52372126037,0.752216
2.7e-05,14,0.02247091811423032,0.43576584145719166,1,0.48969817039512814,1147181.0320499437,0.878186
2.7599999999999997e-05,0,0.022456269656041486,2.0562298777002797,-1,2.0534202851948224,243156.3641315184,0.412252
2.772e-05,15,0.022462764287594646,0.617252638304832,1,0.6253438329618246,809919.8989219966,0.74383
2.7839999999999998e-05,15,0.022481598381795483,0.617299365081902,-1,0.598492517169574,809919.8989219966,0.74383
2.844e-05,13,0.022494531539651256,0.3318233584769799,-1,0.25812220490060217,1506745.7005011437,0.967756
3.0839999999999996e-05,7,0.0224894642930189,1.564037324257933,1,1.5914788293283635,319680.8306586704,0.645607
3.0959999999999995e-05,11,0.022489898656487692,1.014254669182584,-1,0.9966055030897636,492960.52372126037,0.752216
3.132e-05,1,0.0225013510445501,2.108392098802692,-1,2.06933395789207,237147.77626530197,0.466047
3.1679999999999995e-05,8,0.02249982248375911,0.5848412618919318,1,0.5869315385962269,854931.759346969,1.24739
3.216e-05,19,0.022502945082068123,0.35218228163486937,1,0.38848226598559843,1419744.6731179864,0.639898
3.252e-05,5,0.02249123755518914,1.3170556395794841,-1,1.3133094310172608,379627.66118990496,0.833947
3.288e-05,9,0.022495604406552697,0.7164135195754965,1,0.7262546092784113,697905.8636654854,1.05649
3.3119999999999995e-05,8,0.022514147570941886,0.5849008158842669,-1,0.5732094045051452,854931.759346969,1.24739
3.336e-05,13,0.022497177704336284,0.331831895402607,-1,0.33162857680119795,1506745.7005011437,0.967756
3.4439999999999996e-05,19,0.022476436300846774,0.3521257256205677,-1,0.29002586882855386,1419744.6731179864,0.639898
3.4559999999999994e-05,9,0.022468482915452854,0.7163179694891082,-1,0.7126052911065901,697905.8636654854,1.05649
3.5279999999999994e-05,4,0.02243907151732423,1.2158852339082569,1,1.2230979640230686,411160.5417451298,0.909136
3.54e-05,16,0.022449182527010437,0.05794945079778547,1,0.06961407435517468,8614258.665513504,0.553724
3.564e-05,10,0.022482405435945797,0.8276309341770196,1,0.9183437142306106,604094.5528794167,0.921681
3.624e-05,15,0.02248192932105788,0.6173001859564654,-1,0.6022256484814815,809919.8989219966,0.74383
3.6479999999999996e-05,15,0.022477790586528504,0.6172899196443203,1,0.6339990193498659,809919.8989219966,0.74383
3.6599999999999995e-05,0,0.0224505892007718,2.0562220636791793,-1,2.0125185708819475,243156.3641315184,0.412252
3.696e-05,8,0.02245833190601349,0.5846686651665949,1,0.606643442423948,854931.759346969,1.24739
3.7319999999999995e-05,12,0.02246339307931022,0.2159273353304801,1,0.34270839137961573,2314214.833191395,1.054
3.756e-05,1,0.02246772339813497,2.1083398406267113,1,2.148666203007211,237147.77626530197,0.466047
3.8039999999999995e-05,7,0.022454004879283253,1.563960966789501,1,1.5928940508215803,319680.8306586704,0.645607
3.8639999999999996e-05,9,0.02249671416418256,0.716417428068559,-1,0.7006919345708703,697905.8636654854,1.05649
3.984e-05,10,0.022458335617083627,0.8275569364533972,1,0.8520172855360185,604094.5528794167,0.921681
4.044e-05,19,0.02246173285843873,0.3520943417070615,-1,0.33667739078130376,1419744.6731179864,0.639898
4.056e-05,9,0.022448271440488853,0.716246726156219,-1,0.69950486082982,697905.8636654854,1.05649
4.068e-05,11,0.02245010341786261,1.0141548205364135,-1,0.9924386172085129,492960.52372126037,0.752216
4.0919999999999994e-05,13,0.022443896685544546,0.33165990597698336,-1,0.29292564750967376,1506745.7005011437,0.967756
4.128e-05,10,0.02241576822350759,0.8274259745886059,-1,0.807688577338432,604094.5528794167,0.921681
4.1519999999999995e-05,17,0.022421533592163083,0.12812716922008865,-1,0.09882213247620114,3897146.5093258717,0.656386
4.2119999999999997e-05,14,0.022443182545559066,0.43568457389112586,1,0.4505496646541087,1147181.0320499437,0.878186
4.2959999999999995e-05,6,0.022411990633284744,1.4067474705189245,1,1.4067837440706958,355373.6042701692,0.7578
4.3079999999999994e-05,3,0.02241694486406555,2.266793720667853,1,2.3220700283341253,220563.58407001573,0.455707
4.332e-05,7,0.022405214694903197,1.563855804532257,-1,1.5581765547204809,319680.8306586704,0.645607
4.416e-05,0,0.02240022719031084,2.056152742534663,1,2.0680544756450754,243156.3641315184,0.412252
4.4519999999999994e-05,4,0.02240255254691848,1.215774369599989,1,1.21811425023775,411160.5417451298,0.909136
4.4519999999999994e-05,10,0.02240255254691848,0.8273852902506197,-1,0.8233865410087511,604094.5528794167,0.921681
4.463999999999999e-05,5,0.022394991365327424,1.3167877531656804,1,1.3257185631482233,379627.66118990496,0.833947
4.5119999999999995e-05,4,0.022357569040502404,1.2156376843697272,1,1.230723015263544,411160.5417451298,0.909136
4.548e-05,12,0.022336688257793693,0.21548118647059314,1,0.3026699870678082,2314214.833191395,1.054
4.56e-05,3,0.022332116257427377,2.2666645031880353,-1,2.2007976368773186,220563.58407001573,0.455707
4.6559999999999995e-05,2,0.022329010640179597,2.1616294980286406,1,2.178056924031559,231278.0424626486,0.473691
4.6559999999999995e-05,13,0.022329010640179597,0.3312883614533627,-1,0.30733405140506687,1506745.7005011437,0.967756
4.692e-05,10,0.02233468617294819,0.8271761749453086,1,0.8568740875260819,604094.5528794167,0.921681
4.824e-05,15,0.02238546185859094,0.6170606479730578,1,0.6175354192751102,809919.8989219966,0.74383
4.9439999999999994e-05,13,0.022399617441975182,0.33151681860686516,-1,0.319329374477862,1506745.7005011437,0.967756
4.968e-05,12,0.0223832859255327,0.21564541139863858,-1,0.1697430888961704,2314214.833191395,1.054
4.968e-05,14,0.0223832859255327,0.4355089002263044,1,0.44684276209650203,1147181.0320499437,0.878186
5.0759999999999995e-05,11,0.022355100006714635,1.0139160928520219,-1,0.945561503026632,492960.52372126037,0.752216
5.0879999999999994e-05,5,0.022361019435129192,1.3166930601337499,1,1.3567519359920774,379627.66118990496,0.833947
5.112e-05,14,0.022340625088588258,0.43538363485069864,1,0.5060925225654885,1147181.0320499437,0.878186
5.171999999999999e-05,3,0.022360623596117818,2.266707955101877,-1,2.258545810164131,220563.58407001573,0.455707
5.2199999999999995e-05,10,0.022364127674714605,0.8272669314204572,-1,0.8105977531001757,604094.5528794167,0.921681
5.243999999999999e-05,17,0.022362109530271405,0.1279968384289751,-1,0.11677825846373215,3897146.5093258717,0.656386
5.3039999999999994e-05,7,0.0223385679253932,1.563711969025354,-1,1.5579749663066578,319680.8306586704,0.645607
5.387999999999999e-05,15,0.022342003937826427,0.6169525691662846,1,0.6341622105532565,809919.8989219966,0.74383
5.4e-05,6,0.0223371628147465,1.4065579263504904,1,1.411933487099217,355373.6042701692,0.7578
5.4239999999999996e-05,15,0.022332454721602543,0.616928806412245,-1,0.6050419386893825,809919.8989219966,0.74383
5.472e-05,11,0.022329808158557417,1.0138524532115674,-1,0.9529156044923641,492960.52372126037,0.752216
5.4959999999999996e-05,7,0.022357004192041056,1.5637517791898783,-1,1.5454189391579642,319680.8306586704,0.645607
5.519999999999999e-05,7,0.02237062617120424,1.5637811831282833,-1,1.5472405649526475,319680.8306586704,0.645607
5.591999999999999e-05,1,0.022414174162492986,2.108256543030804,-1,2.106810354033246,237147.77626530197,0.466047
5.6399999999999995e-05,18,0.022413566027686228,0.20350786303290072,1,0.208322147918925,2454565.9836427723,0.673174
5.6399999999999995e-05,19,0.022413566027686228,0.35199145951422234,1,0.38482606237775796,1419744.6731179864,0.639898
5.7239999999999994e-05,11,0.02238082709718851,1.0139807907304794,-1,0.9862428773892364,492960.52372126037,0.752216
5.7839999999999995e-05,6,0.022354034511974118,1.4066006912434132,1,1.4174263280652706,355373.6042701692,0.7578
5.8439999999999996e-05,11,0.022371252441743355,1.0139567169600137,1,1.0524763939913362,492960.52372126037,0.752216
5.9159999999999996e-05,13,0.022363853240417345,0.331401144123802,-1,0.32637308552424354,1506745.7005011437,0.967756
6.035999999999999e-05,15,0.02231540094849325,0.6168863562965534,-1,0.5782907304538383,809919.8989219966,0.74383
6.0719999999999995e-05,3,0.022334457643654198,2.266668073058358,-1,2.2624993550577157,220563.58407001573,0.455707
6.144e-05,10,0.022320573255711615,0.8271326492087954,-1,0.8037370723662078,604094.5528794167,0.921681
6.167999999999999e-05,0,0.022344838830209105,2.0560764127939586,-1,2.054826925741157,243156.3641315184,0.412252
6.24e-05,0,0.022385888722585366,2.0561329920015745,-1,2.0561298368611536,243156.3641315184,0.412252
6.288e-05,4,0.02241056977872937,1.2157987160529737,-1,1.198785905493157,411160.5417451298,0.909136
6.384e-05,8,0.022476098391015754,0.584742591499292,-1,0.5686207515060948,854931.759346969,1.24739
6.528e-05,11,0.02244787629071325,1.0141492299266117,1,1.0491542005212267,492960.52372126037,0.752216
6.683999999999999e-05,12,0.022408500596627853,0.2157342046063506,1,0.23321423174324135,2314214.833191395,1.054
6.72e-05,19,0.022392274639777054,0.3519459468326469,-1,0.34801085270099086,1419744.6731179864,0.639898
6.936e-05,19,0.02243077373499259,0.3520282270866084,-1,0.3466947751426426,1419744.6731179864,0.639898
7.02e-05,10,0.02240063262030848,0.8273793787761278,-1,0.7884675682349503,604094.5528794167,0.921681
7.055999999999999e-05,14,0.02239466522680239,0.4355422931927825,-1,0.391702134499836,1147181.0320499437,0.878186
7.08e-05,6,0.02240023758137397,1.406717720174933,-1,1.3666459742487755,355373.6042701692,0.7578
7.259999999999999e-05,3,0.022436250852991082,2.266823094869309,1,2.2697671332319103,220563.58407001573,0.455707
7.463999999999999e-05,13,0.022416731771173464,0.33157213992588397,1,0.35597330202004396,1506745.7005011437,0.967756
7.571999999999999e-05,6,0.022452708099822267,1.406850477822327,1,1.407669821843684,355373.6042701692,0.7578
7.716e-05,10,0.02246915222678442,0.8275901948058696,-1,0.8183620073696017,604094.5528794167,0.921681
7.908e-05,11,0.022498864643353444,1.0142771531859693,-1,1.010988841282269,492960.52372126037,0.752216
7.992e-05,18,0.02249639529841496,0.20369391103805662,-1,0.19931618543793597,2454565.9836427723,0.673174
8.136e-05,9,0.022518350924188964,0.7164936120546629,1,0.7549150673000693,697905.8636654854,1.05649
8.148e-05,17,0.022507714427668652,0.1283158773611988,-1,0.10369718330403954,3897146.5093258717,0.656386
8.196e-05,0,0.022518932158194276,2.0563160105965643,1,2.0587434302150833,243156.3641315184,0.412252
8.256e-05,6,0.022500924788128207,1.4069723359908088,-1,1.4062733964246263,355373.6042701692,0.7578
8.411999999999999e-05,14,0.022519968593067718,0.435909440832657,1,0.4499869440742341,1147181.0320499437,0.878186
8.58e-05,8,0.022489739567840016,0.5847993326002501,-1,0.560468064030284,854931.759346969,1.24739
8.604e-05,3,0.022470848657580627,2.266875704078399,-1,2.2386397742962574,220563.58407001573,0.455707
8.699999999999999e-05,14,0.022523775163140764,0.4359205783425078,1,0.4381243559200187,1147181.0320499437,0.878186
8.699999999999999e-05,15,0.022523775163140764,0.617403933367769,1,0.6640481198012952,809919.8989219966,0.74383
8.927999999999999e-05,4,0.022520400743497027,1.2161318094936449,-1,1.2123216218239319,411160.5417451298,0.909136
8.963999999999999e-05,14,0.022535505534306204,0.4359548939065613,-1,0.42015770874223946,1147181.0320499437,0.878186
9.023999999999999e-05,2,0.02250504250395247,2.1619079615164245,-1,2.1516710745400425,231278.0424626486,0.473691
9.023999999999999e-05,12,0.02250504250395247,0.21607371500474218,-1,0.21128505612239096,2314214.833191395,1.054
9.023999999999999e-05,15,0.02250504250395247,0.617357501851971,1,0.630227370647124,809919.8989219966,0.74383
9.036e-05,19,0.0225025954239298,0.3521815358623006,1,0.3917989396735183,1419744.6731179864,0.639898
9.059999999999999e-05,4,0.02248700139420701,1.2160306026408045,1,1.2295568688287568,411160.5417451298,0.909136
9.096e-05,11,0.022482187742759143,1.014235328940914,1,1.0332439818200043,492960.52372126037,0.752216
9.107999999999999e-05,3,0.022470326137738136,2.266874909839271,1,2.2725191864898524,220563.58407001573,0.455707
9.167999999999999e-05,4,0.022486533521036415,1.216029184355878,-1,1.2004632699378088,411160.5417451298,0.909136
9.264e-05,8,0.02250598319856269,0.5848668762865185,-1,0.5838601854153977,854931.759346969,1.24739
9.371999999999999e-05,15,0.02254091561277228,0.6174464014561807,1,0.6302020279903917,809919.8989219966,0.74383
9.539999999999999e-05,10,0.02251169156879372,0.8277209149910795,-1,0.8035807413686326,604094.5528794167,0.921681
9.659999999999999e-05,12,0.022473686964912223,0.21596352649260867,-1,0.20109496178997738,2314214.833191395,1.054
9.683999999999999e-05,14,0.02248213183496826,0.4357986843701896,1,0.44998721301199085,1147181.0320499437,0.878186
9.732e-05,19,0.022494187565248677,0.3521636013146338,1,0.3530705006949918,1419744.6731179864,0.639898
9.839999999999999e-05,13,0.02250662728103746,0.3318623770626104,1,0.3362167366540943,1506745.7005011437,0.967756
9.839999999999999e-05,17,0.02250662728103746,0.12831349911405207,-1,0.08870828460557617,3897146.5093258717,0.656386
9.851999999999999e-05,10,0.02251704475545481,0.8277373561771824,1,0.8506324805011158,604094.5528794167,0.921681
9.9e-05,10,0.022512525455730684,0.8277234762278195,-1,0.8219791634626156,604094.5528794167,0.921681
9.971999999999999e-05,8,0.02252761642498536,0.5849567929612189,-1,0.5701539267440252,854931.759346969,1.24739
0.00010007999999999999,5,0.022538123215135805,1.3171859309505405,1,1.3172735963828477,379627.66118990496,0.833947
0.00010104,9,0.022528605265133728,0.7165297052575862,-1,0.7160043473705422,697905.8636654854,1.05649
0.00010139999999999998,10,0.02250303025499936,0.827694309448093,-1,0.8119299823638533,604094.5528794167,0.921681
0.00010139999999999998,15,0.02250303025499936,0.6173525130623014,-1,0.6134530066672795,809919.8989219966,0.74383
0.00010151999999999999,16,0.022495230917347342,0.058034497015097615,-1,0.02571407987864699,8614258.665513504,0.553724
0.00010175999999999999,11,0.022491504490526965,1.014258696461693,1,1.014354104468856,492960.52372126037,0.752216
0.00010248,5,0.022553479133607255,1.3172285743111185,-1,1.2799094548764887,379627.66118990496,0.833947
0.00010248,6,0.022553479133607255,1.4071050081155825,1,1.46462849437308,355373.6042701692,0.7578
0.00010259999999999999,6,0.02254800478035152,1.4070911954655925,1,1.5420389805141672,355373.6042701692,0.7578
0.00010319999999999999,12,0.022540370823867457,0.21619777259550507,1,0.22964375916806856,2314214.833191395,1.054
0.00010319999999999999,17,0.022540370823867457,0.12838728989266907,-1,0.08790168312219757,3897146.5093258717,0.656386
0.00010343999999999999,16,0.022532771092698467,0.05810376512636375,-1,0.030404380168533474,8614258.665513504,0.553724
0.00010379999999999999,1,0.02251021209698978,2.1084058625908644,1,2.110520174146636,237147.77626530197,0.466047
0.00010667999999999999,3,0.022427878957964414,2.266810358523164,-1,2.238872497104454,220563.58407001573,0.455707
0.0001068,13,0.02242695547277809,0.3316051775178816,-1,0.32495359899556325,1506745.7005011437,0.967756
0.00010691999999999999,9,0.022423954195530452,0.7161609678938005,1,0.7246215399717338,697905.8636654854,1.05649
0.00010691999999999999,12,0.022423954195530452,0.21578859960819852,-1,0.2044785588015329,2314214.833191395,1.054
0.00010727999999999999,1,0.022390455272523327,2.1082196157227266,1,2.1101894839099837,237147.77626530197,0.466047
0.00010871999999999999,7,0.022420612594027157,1.5638890054854602,-1,1.5269838359485368,319680.8306586704,0.645607
0.00010919999999999998,1,0.02242767133664099,2.108277547699518,-1,2.074674349994437,237147.77626530197,0.466047
0.00010919999999999998,9,0.02242767133664099,0.7161740799362807,-1,0.7070693982119418,697905.8636654854,1.05649
0.00011075999999999999,11,0.022451964455429144,1.0141594919631054,-1,1.0138909360528323,492960.52372126037,0.752216
0.00011099999999999999,11,0.02244216136136419,1.0141348828488952,1,1.129161485416077,492960.52372126037,0.752216
0.00011148,16,0.022468806634726984,0.057985704981074346,1,0.07604922195938836,8614258.665513504,0.553724
0.00011159999999999999,19,0.022474348329977106,0.35212126955521134,1,0.3567935545575028,1419744.6731179864,0.639898
0.00011219999999999999,15,0.02250750122369025,0.6173635972341652,1,0.630259057096766,809919.8989219966,0.74383
0.00011351999999999998,6,0.022532877978589466,1.4070530194570778,-1,1.358317480382649,355373.6042701692,0.7578
0.00011351999999999998,13,0.022532877978589466,0.331947020820406,1,0.351462163702444,1506745.7005011437,0.967756
0.00011447999999999999,1,0.022532869059689552,2.1084410431207914,1,2.113409898390684,237147.77626530197,0.466047
0.00011447999999999999,12,0.022532869059689552,0.21617143781917766,-1,0.17859401589104804,2314214.833191395,1.054
0.00011543999999999999,16,0.022540127943378032,0.05811733302362371,-1,0.04658853492519115,8614258.665513504,0.553724
0.0001158,6,0.022561622423281018,1.4071255518087051,-1,1.4058385036553562,355373.6042701692,0.7578
0.00011615999999999999,4,0.02256829169855795,1.2162767980067872,1,1.2304969789799458,411160.5417451298,0.909136
0.00011675999999999999,9,0.022579140501339804,0.7167074591824798,-1,0.6827301173260356,697905.8636654854,1.05649
0.00011699999999999998,15,0.02255635716842069,0.6174846464513261,-1,0.5918619460067739,809919.8989219966,0.74383
0.00011735999999999999,19,0.02254354403689616,0.35226883424680633,1,0.3569477004336937,1419744.6731179864,0.639898
0.00011831999999999999,8,0.022603798365872788,0.5852730935307362,1,0.6013698700543237,854931.759346969,1.24739
0.00011855999999999999,13,0.022624422520242122,0.3322418154492895,1,0.34236630129648077,1506745.7005011437,0.967756
0.00011868,10,0.022611498689386857,0.8280271307452545,-1,0.8255035963781788,604094.5528794167,0.921681
0.00011927999999999998,17,0.02260325358551336,0.12852465543701122,-1,0.11353548240735857,3897146.5093258717,0.656386
0.00012071999999999998,6,0.02263531570750756,1.4073112951064872,-1,1.3809189928433825,355373.6042701692,0.7578
0.00012071999999999998,14,0.02263531570750756,0.43624651409921544,-1,0.41925948073780883,1147181.0320499437,0.878186
0.00012083999999999999,3,0.02262266736057444,2.267106081304332,1,2.2914972756313023,220563.58407001573,0.455707
0.00012179999999999999,1,0.022690581735102605,2.1086854425172445,1,2.2115652301438815,237147.77626530197,0.466047
0.00012228,8,0.022661413837555638,0.5855119539496154,1,0.6049105159365885,854931.759346969,1.24739
0.00012288,16,0.022662477322883515,0.058342652527049475,-1,0.05322008153025535,8614258.665513504,0.553724
0.00012539999999999999,6,0.022688792461697742,1.407445893564509,1,1.4495630317076726,355373.6042701692,0.7578
0.00012648,1,0.022672358095646314,2.108657245754752,-1,2.103753398450196,237147.77626530197,0.466047
0.0001266,11,0.022674980552436295,1.0147178941866535,1,1.0249342265564343,492960.52372126037,0.752216
0.00012743999999999999,13,0.022677697730189954,0.3324130994725319,-1,0.25186974717936417,1506745.7005011437,0.967756
0.00012755999999999998,11,0.022687912122599553,1.0147501886791188,1,1.039002157982216,492960.52372126037,0.752216
0.00012791999999999998,14,0.022670720136929275,0.4363498023950952,1,0.4540641222136011,1147181.0320499437,0.878186
0.00012888,5,0.022646848773409,1.3174875497484984,1,1.39553907893534,379627.66118990496,0.833947
0.00012995999999999998,9,0.022646042603936697,0.7169424766335228,1,0.7471273299332586,697905.8636654854,1.05649
0.00013079999999999998,9,0.02270396468665688,0.7171456683365423,-1,0.7109468464792497,697905.8636654854,1.05649
0.00013176,6,0.02271702012219531,1.4075168772890803,-1,1.3912749355248926,355373.6042701692,0.7578
0.00013272,8,0.022730854075941248,0.585799433958449,-1,0.5555877279083147,854931.759346969,1.24739
0.00013344,5,0.022741396868774754,1.3177492503824677,-1,1.2958020926430902,379627.66118990496,0.833947
0.00013403999999999998,5,0.022693547727626943,1.3176168763927307,1,1.3210051169183952,379627.66118990496,0.833947
0.00013571999999999998,10,0.022780551528708132,0.8285442598246185,1,0.8299262504572622,604094.5528794167,0.921681
0.00013571999999999998,19,0.022780551528708132,0.35277256067907853,1,0.387797604007893,1419744.6731179864,0.639898
0.00013644,16,0.022792898395863518,0.05858216820128007,-1,0.05789296185302903,8614258.665513504,0.553724
0.000138,12,0.022835127484434687,0.21722906264556555,1,0.24156843590250698,2314214.833191395,1.054
0.00013956,15,0.022821231597829696,0.6181386496444827,1,0.6433060084474368,809919.8989219966,0.74383
0.00014015999999999999,9,0.02280625455999105,0.7175038710274441,1,0.7226304310920227,697905.8636654854,1.05649
0.00014099999999999998,7,0.022823813690008448,1.5647543652635378,-1,1.563371734861816,319680.8306586704,0.645607
0.00014147999999999998,11,0.022833836888573503,1.015113976087031,1,1.0855154868829195,492960.52372126037,0.752216
0.00014279999999999997,11,0.022858238511782546,1.015174695261582,1,1.0224043760733754,492960.52372126037,0.752216
0.00014399999999999998,10,0.022841723685211052,0.8287309111402826,-1,0.7912222901710829,604094.5528794167,0.921681
0.00014424,4,0.022827272065397246,1.2170582022389764,1,1.2908842705440438,411160.5417451298,0.909136
0.00014424,10,0.022827272065397246,0.8286868382594266,-1,0.8090173584739269,604094.5528794167,0.921681
0.00014435999999999998,9,0.02282098824889533,0.7175553997980839,1,0.7372162013412319,697905.8636654854,1.05649
0.0001446,11,0.022794090085067827,1.0150150036078516,1,1.0154109689421094,492960.52372126037,0.752216
0.00014675999999999998,10,0.02279506845212815,0.8285885771901587,-1,0.8144815927542263,604094.5528794167,0.921681
0.00014723999999999998,9,0.022811618371587697,0.7175226320451326,-1,0.6990452017601122,697905.8636654854,1.05649
0.00014759999999999998,13,0.02284576677799455,0.332952140350792,-1,0.33180517422953454,1506745.7005011437,0.967756
0.00014784,10,0.022848149422881714,0.8287505031349405,-1,0.769137319154875,604094.5528794167,0.921681
0.00014855999999999997,10,0.022806668706530624,0.8286239803854472,-1,0.8235158330979687,604094.5528794167,0.921681
0.00014855999999999997,13,0.022806668706530624,0.33282692018485655,-1,0.31023872921451445,1506745.7005011437,0.967756
0.00014879999999999998,13,0.02281656081576938,0.3328586119748042,-1,0.30242341560752145,1506745.7005011437,0.967756
0.00014904,2,0.02281814870639228,2.162400583917499,-1,2.1554270051451065,231278.0424626486,0.473691
0.00014927999999999998,19,0.02282547473110317,0.35286774280462124,-1,0.341284448146012,1419744.6731179864,0.639898
0.00015072,12,0.02283037287284391,0.21721248027759582,1,0.21750254909364988,2314214.833191395,1.054
0.00015156,10,0.02279845555047632,0.8285989153171798,1,0.83003353337691,604094.5528794167,0.921681
0.00015215999999999998,4,0.022802579042765267,1.2169838894429468,1,1.2191707816416042,411160.5417451298,0.909136
0.00015251999999999998,19,0.0227986770540848,0.3528109758599116,1,0.36867970911971826,1419744.6731179864,0.639898
0.0001536,4,0.022785926977898215,1.216933752912264,1,1.2174211983910426,411160.5417451298,0.909136
0.00015432,17,0.02275288074575601,0.12885074531597773,-1,0.1089624884186561,3897146.5093258717,0.656386
0.00015444,17,0.022746116237878023,0.12883602627181656,1,0.1823947585074331,3897146.5093258717,0.656386
0.00015455999999999998,9,0.022727843397037494,0.7172293598198987,-1,0.7155144257785155,697905.8636654854,1.05649
0.00015467999999999998,17,0.022717098682850403,0.12877286147860756,-1,0.11292994841723958,3897146.5093258717,0.656386
0.00015684,10,0.022703794933343523,0.8283097016814839,-1,0.8181342273900128,604094.5528794167,0.921681
0.00015707999999999998,9,0.022714440079233848,0.7171823885134756,1,0.7675371182302729,697905.8636654854,1.05649
0.00015923999999999997,3,0.02270845923298985,2.2672359243776676,1,2.297376883342782,220563.58407001573,0.455707
0.00015936,15,0.022700366368158413,0.6178406939381254,-1,0.6175002651967506,809919.8989219966,0.74383
0.00015959999999999998,11,0.02271058807498601,1.0148067959693896,-1,1.0143620054003175,492960.52372126037,0.752216
0.0001614,12,0.022651465721905777,0.21658725698902054,-1,0.19696169752466045,2314214.833191395,1.054
0.00016151999999999998,7,0.022677189555396868,1.5644405682744833,1,1.5876929395451342,319680.8306586704,0.645607
0.00016151999999999998,19,0.022677189555396868,0.3525532029697716,1,0.3556146010373419,1419744.6731179864,0.639898
0.00016199999999999998,4,0.022687619160775708,1.2166373907514116,1,1.2268810665654346,411160.5417451298,0.909136
0.00016211999999999997,3,0.022672171911720652,2.267181034737908,1,2.2729862307014472,220563.58407001573,0.455707
0.00016235999999999998,18,0.02267124909408015,0.20408553972188434,1,0.2268951082691148,2454565.9836427723,0.673174
0.00016571999999999998,10,0.02261508140557127,0.8280381102099981,1,0.8403954283013423,604094.5528794167,0.921681
0.00016584,14,0.022623276755711377,0.4362113734590226,1,0.44228264521967137,1147181.0320499437,0.878186
0.00016607999999999998,1,0.022646332413940744,2.108616957525968,1,2.115124635947906,237147.77626530197,0.466047
0.00016607999999999998,12,0.022646332413940744,0.21656928134795458,1,0.22101617604646187,2314214.833191395,1.054
0.00016691999999999998,5,0.022658055059226634,1.3175185962411569,1,1.3332111419186505,379627.66118990496,0.833947
0.00016739999999999998,7,0.02264134510128479,1.5643637017388234,-1,1.5513523866862478,319680.8306586704,0.645607
0.00016764,4,0.022627700685130935,1.216456443419522,-1,1.2148146326255205,411160.5417451298,0.909136
0.000168,11,0.022609474485881638,1.0145541617851195,-1,0.9900891559935803,492960.52372126037,0.752216
0.00016836,15,0.02259986421833324,0.6175923325348084,1,0.6243674226259238,809919.8989219966,0.74383
0.00016956,12,0.022580137425001468,0.21633729923584077,1,0.2646006030976494,2314214.833191395,1.054
0.00016991999999999997,6,0.022591098026640142,1.4071998811645592,-1,1.4018952959432827,355373.6042701692,0.7578
0.0001704,7,0.02259298545494362,1.5642599005500466,1,1.564660343663211,319680.8306586704,0.645607
0.00017076,0,0.02255076570358143,2.0563597215708835,1,2.0878500878841564,243156.3641315184,0.412252
0.00017076,11,0.02255076570358143,1.0144072175299659,-1,1.004887290272955,492960.52372126037,0.752216
0.00017088,10,0.02255861401177364,0.8278649609435953,-1,0.8190934527472024,604094.5528794167,0.921681
0.00017099999999999998,7,0.022548630059558903,1.564164596536313,-1,1.529426859883852,319680.8306586704,0.645607
0.00017231999999999998,1,0.022521280178298804,2.108423050731305,1,2.177875163184873,237147.77626530197,0.466047
0.00017256,7,0.02251927704058097,1.5641014757593643,-1,1.560548975459235,319680.8306586704,0.645607
0.00017267999999999998,9,0.022526868259189,0.7165235919264784,-1,0.6402453364415706,697905.8636654854,1.05649
0.00017399999999999997,7,0.02256583938647848,1.564201584395728,-1,1.5526543309930454,319680.8306586704,0.645607
0.00017435999999999998,18,0.022588182952468866,0.2038996814018968,1,0.22982594460668315,2454565.9836427723,0.673174
0.00017483999999999997,6,0.02258400991079306,1.407182011318471,1,1.4175844106260729,355373.6042701692,0.7578
0.00017555999999999998,5,0.02255434628333733,1.3172309819513996,-1,1.2854534119049068,379627.66118990496,0.833947
0.0001758,4,0.02255715074523055,1.2162430828270627,-1,1.2072378966677402,411160.5417451298,0.909136
0.00017723999999999998,14,0.022553680970156725,0.4360080459731064,-1,0.42980769111767186,1147181.0320499437,0.878186
0.00017868,6,0.022491877856792762,1.4069494816143884,1,1.4144846186224562,355373.6042701692,0.7578
0.00017904,1,0.022481555007839594,2.108361340014222,1,2.1263576010605756,237147.77626530197,0.466047
0.00017927999999999998,1,0.022505507764877915,2.108398555734104,-1,2.088225826784295,237147.77626530197,0.466047
0.00017975999999999997,10,0.022472741929792126,0.82760123046989,-1,0.7929149842606309,604094.5528794167,0.921681
0.00018011999999999998,14,0.02247277419850252,0.4357712781504178,-1,0.4115213680127088,1147181.0320499437,0.878186
0.00018179999999999997,1,0.022536193638468642,2.1084462038620373,1,2.1107520306473737,237147.77626530197,0.466047
0.00018203999999999999,3,0.0225374253821969,2.266976826408078,-1,2.229016247273284,220563.58407001573,0.455707
0.00018276,17,0.02254596412800034,0.12839951605845182,1,0.17282752276779728,3897146.5093258717,0.656386
0.00018312,18,0.022539280130711853,0.20379010277371296,1,0.21019241691059026,2454565.9836427723,0.673174
0.00018324,0,0.022542651412328717,2.0563485826839933,1,2.077919972555495,243156.3641315184,0.412252
0.00018444,18,0.022487639177598287,0.20367425957533994,-1,0.08890973618988021,2454565.9836427723,0.673174
0.00018467999999999997,4,0.02248743091036366,1.2160319046394046,1,1.236297732693458,411160.5417451298,0.909136
0.00018503999999999998,10,0.022503910121972625,0.827697012428566,1,0.8380029985848378,604094.5528794167,0.921681
0.00018575999999999998,8,0.022494163502840496,0.58481773046538,1,0.6590976684910634,854931.759346969,1.24739
0.00018575999999999998,10,0.022494163502840496,0.827667067541877,-1,0.7838811595162694,604094.5528794167,0.921681
0.00018623999999999998,14,0.022510863718881172,0.4358827973816965,-1,0.40792958553557795,1147181.0320499437,0.878186
0.00018695999999999999,14,0.022506254382533314,0.43586930709846866,-1,0.4288822717416749,1147181.0320499437,0.878186
0.00018707999999999998,14,0.022503487310830954,0.43586120796297617,-1,0.41394396315342313,1147181.0320499437,0.878186
0.0001872,6,0.022512382419398323,1.4070012736892816,-1,1.3592186865985438,355373.6042701692,0.7578
0.00018755999999999997,6,0.022525225998147973,1.407033703021076,-1,1.3719875484408497,355373.6042701692,0.7578
0.00018804,14,0.022521729168982645,0.4359145921569599,1,0.4433456889064699,1147181.0320499437,0.878186
0.00018816,15,0.022511075407484402,0.6173724573560083,-1,0.5750697552213949,809919.8989219966,0.74383
0.00018839999999999997,15,0.02253512322588878,0.6174320517376479,1,0.6318784735773302,809919.8989219966,0.74383
0.00018863999999999998,9,0.022551725823594663,0.7166110548120196,1,0.7336056409558265,697905.8636654854,1.05649
0.00018875999999999997,11,0.022555739941091408,1.0144196751332284,-1,1.0122534182250098,492960.52372126037,0.752216
0.00018936,0,0.022571081453087415,2.0563876012132676,1,2.0672270647407545,243156.3641315184,0.412252
0.00018936,10,0.022571081453087415,0.8279032092114664,-1,0.8084771357190229,604094.5528794167,0.921681
0.00018959999999999997,18,0.022590592412296086,0.2039050773131555,-1,0.19986592509932657,2454565.9836427723,0.673174
0.00019247999999999997,3,0.02259626975235593,2.267066079910499,1,2.2810409543191787,220563.58407001573,0.455707
0.00019247999999999997,5,0.02259626975235593,1.3173473272587892,-1,1.314263937607018,379627.66118990496,0.833947
0.00019308,8,0.022584284974189957,0.5851921265262895,-1,0.57509984042233,854931.759346969,1.24739
0.00019367999999999998,13,0.02253177139935215,0.3319434537195076,-1,0.316743558992188,1506745.7005011437,0.967756
0.00019415999999999997,10,0.022565418490137008,0.8278858373875541,1,0.8450378716900642,604094.5528794167,0.921681
0.00019571999999999998,17,0.022566038228470187,0.12844338269775757,-1,0.10844691433352213,3897146.5093258717,0.656386
0.00019596,2,0.022548769925026774,2.161976964564917,1,2.162807906693196,231278.0424626486,0.473691
0.00019607999999999998,8,0.022552279681513843,0.5850592510483487,1,0.5965869111448995,854931.759346969,1.24739
0.00019607999999999998,17,0.022552279681513843,0.12841331913565238,1,0.1509293658294048,3897146.5093258717,0.656386
0.00019607999999999998,19,0.022552279681513843,0.35228744751147295,-1,0.3347563512865154,1419744.6731179864,0.639898
0.00019632,18,0.02254516342515833,0.20380329200744018,-1,0.17644625392897376,2454565.9836427723,0.673174
0.00019691999999999998,10,0.02253689850745748,0.8277983157389639,1,0.8462653334814415,604094.5528794167,0.921681
0.00019787999999999997,4,0.022532816161671253,1.2161694116118698,1,1.2418110455316151,411160.5417451298,0.909136
0.00019872,11,0.022518365051821452,1.0143260388934676,-1,1.003145398807324,492960.52372126037,0.752216
0.00019895999999999998,15,0.022519792296152388,0.6173940628915587,1,0.6255836254078742,809919.8989219966,0.74383
0.00019979999999999998,4,0.022500526572861057,1.2160715957451458,-1,1.2048311099607092,411160.5417451298,0.909136
0.00019991999999999997,3,0.022508315190196353,2.266932629801157,-1,2.2087558847367066,220563.58407001573,0.455707
0.0002004,7,0.022509731496938787,1.5640809401445148,-1,1.5424346871417804,319680.8306586704,0.645607
0.0002004,13,0.022509731496938787,0.3318723889881848,1,0.36364636305794806,1506745.7005011437,0.967756
0.0002004,16,0.022509731496938787,0.058061259936278996,1,0.07457143686475219,8614258.665513504,0.553724
0.00020135999999999998,5,0.02251013927459974,1.3171081822175037,1,1.3210908721000043,379627.66118990496,0.833947
0.00020183999999999998,14,0.022464363040377383,0.43574663906347516,1,0.4576796308604897,1147181.0320499437,0.878186
0.00020267999999999998,2,0.02243448815809934,2.161796483361336,1,2.171589643571801,231278.0424626486,0.473691
0.00020339999999999998,13,0.022460649232423448,0.3317140046446703,-1,0.3265233228590822,1506745.7005011437,0.967756
0.00020364,10,0.022476600480829795,0.827613091658591,-1,0.8227441166415038,604094.5528794167,0.921681
0.00020399999999999997,12,0.02246757410922101,0.21594203596242098,1,0.24343784436748309,2314214.833191395,1.054
0.00020412,10,0.022476861606057906,0.82761389432095,-1,0.8151761352858271,604094.5528794167,0.921681
0.00020532,8,0.022541496638485852,0.5850144621584566,1,0.5988853011624613,854931.759346969,1.24739
0.00020555999999999998,0,0.022552976470355885,2.0563627560518274,1,2.0827027845729367,243156.3641315184,0.412252
0.00020627999999999998,5,0.022595812792359983,1.3173460596931519,1,1.3189907103617022,379627.66118990496,0.833947
0.00020675999999999998,7,0.022621012670547187,1.564320072869436,-1,1.5555158840195782,319680.8306586704,0.645607
0.00020687999999999997,7,0.022615036729515384,1.5643072461025407,-1,1.5550260152404136,319680.8306586704,0.645607
0.000207,9,0.02261445972055325,0.7168315738334953,-1,0.7055404980176375,697905.8636654854,1.05649
0.00020951999999999999,15,0.022595180848316538,0.6175807455149218,-1,0.6096023858270008,809919.8989219966,0.74383
0.00020975999999999997,9,0.022620293896795353,0.7168520662806382,1,0.7310974445622835,697905.8636654854,1.05649
0.00021011999999999997,3,0.022610150868949765,2.2670871174550307,-1,2.231830905901732,220563.58407001573,0.455707
0.00021011999999999997,17,0.022610150868949765,0.12853971071508186,1,0.1395061171223439,3897146.5093258717,0.656386
0.00021131999999999998,8,0.022638742232613054,0.5854179989943656,-1,0.5389071503155373,854931.759346969,1.24739
0.00021156,7,0.022615380376253016,1.5643079837522265,-1,1.5547176313665707,319680.8306586704,0.645607
0.00021179999999999997,7,0.022627843012040454,1.5643347314477336,-1,1.5482089983579879,319680.8306586704,0.645607
0.00021179999999999997,8,0.022627843012040454,0.585372814041032,-1,0.557666110549981,854931.759346969,1.24739
0.0002136,18,0.02264684257467925,0.20403096614815008,1,0.2350305350924267,2454565.9836427723,0.673174
0.00021419999999999998,4,0.022633060799922312,1.2164726401375152,-1,1.213364706352452,411160.5417451298,0.909136
0.00021419999999999998,6,0.022633060799922312,1.4073056161192705,-1,1.4060063415079285,355373.6042701692,0.7578
0.00021431999999999997,19,0.02264961272355864,0.35249459420003765,-1,0.3486239051731211,1419744.6731179864,0.639898
0.00021455999999999998,15,0.02265349865470527,0.6177249427747169,-1,0.6077297244573979,809919.8989219966,0.74383
0.00021491999999999998,18,0.022622075359949628,0.2039755559804041,1,0.20837837217392688,2454565.9836427723,0.673174
0.00021516,9,0.02263647856318785,0.7169089008223574,1,0.7458754423243247,697905.8636654854,1.05649
0.00021575999999999998,14,0.022635023816072204,0.4362456622043752,-1,0.425107139740006,1147181.0320499437,0.878186
0.00021611999999999998,2,0.022645058154255677,2.162128674498175,1,2.174828689972116,231278.0424626486,0.473691
0.00021623999999999998,0,0.02263452315587038,2.0564745826486623,1,2.1399567324999325,243156.3641315184,0.412252
0.00021804,0,0.022593754574387434,2.0564187011051818,-1,2.040347413538957,243156.3641315184,0.412252
0.00021899999999999998,5,0.0226017788223317,1.3173626079113145,1,1.3263959722893999,379627.66118990496,0.833947
0.00021911999999999998,13,0.022608935576403352,0.33219198587358306,1,0.3383017698897346,1506745.7005011437,0.967756
0.00021911999999999998,17,0.022608935576403352,0.1285370581609597,1,0.20734246282441854,3897146.5093258717,0.656386
0.00021936,19,0.02263792386069933,0.35246974120844576,-1,0.34845849471025026,1419744.6731179864,0.639898
0.00021947999999999998,15,0.022639086235278823,0.6176893237489424,-1,0.6109486618929791,809919.8989219966,0.74383
0.00022092,16,0.02262590012346544,0.0582753555657904,-1,0.04926613587003169,8614258.665513504,0.553724
0.00022115999999999998,0,0.022605328838382503,2.0564345710839933,-1,2.0256694612868587,243156.3641315184,0.412252
0.0002214,9,0.022614855515727273,0.7168329641410448,-1,0.6938088315629404,697905.8636654854,1.05649
0.00022223999999999999,7,0.02260438099177354,1.5642843704086715,1,1.5837552470116172,319680.8306586704,0.645607
0.00022235999999999998,10,0.022578345772981394,0.8279254902010953,-1,0.7892678497500539,604094.5528794167,0.921681
0.00022355999999999998,6,0.02255091247444904,1.407098532241605,-1,1.399269593881996,355373.6042701692,0.7578
0.00022428,9,0.022559029873408354,0.7166367454015016,1,0.7208490884313251,697905.8636654854,1.05649
0.00022499999999999997,2,0.02255388252663924,2.1619850280177015,-1,2.1586328713134035,231278.0424626486,0.473691
0.00022571999999999997,13,0.022571711890735334,0.33207214800983437,-1,0.3017933358985683,1506745.7005011437,0.967756
0.00022679999999999998,5,0.022559718979958954,1.3172458982060835,1,1.331613479024242,379627.66118990496,0.833947
0.00022716,15,0.02257115192534311,0.6175212772047335,1,0.6196995335473298,809919.8989219966,0.74383
0.00022752,17,0.022555252363906337,0.12841981546881476,1,0.1520060093647012,3897146.5093258717,0.656386
0.00022763999999999998,8,0.022540437773857152,0.5850100634373226,-1,0.5780378279603485,854931.759346969,1.24739
0.00022823999999999997,12,0.022507536709334617,0.21608247675511896,-1,0.17978490254466115,2314214.833191395,1.054
0.00022872,15,0.022502268918829383,0.61735062549116,-1,0.6010872903905397,809919.8989219966,0.74383
0.0002292,19,0.022534200411892674,0.3522489215505635,-1,0.33201845493882653,1419744.6731179864,0.639898
0.00022943999999999997,9,0.02253638583881223,0.7165570858202963,-1,0.6954966623514922,697905.8636654854,1.05649
0.00022991999999999997,11,0.022481022515114135,1.0142324060696124,-1,0.9573904924879654,492960.52372126037,0.752216
0.00023076,17,0.022529776788746635,0.12836412868328487,-1,0.11734072125765972,3897146.5093258717,0.656386
0.00023183999999999998,4,0.022542631005041152,1.2161991301341937,1,1.2206489249836723,411160.5417451298,0.909136
0.00023244,6,0.022540306472889786,1.407071768593879,1,1.4080241079889357,355373.6042701692,0.7578
0.00023591999999999998,9,0.022511120945523697,0.716468159054322,1,0.7179858055276604,697905.8636654854,1.05649
0.00023616,3,0.022528070208672726,2.266962626011411,-1,2.2592655021949546,220563.58407001573,0.455707
0.00023771999999999997,9,0.02241690805017542,0.7161361099607123,1,0.7512502658467926,697905.8636654854,1.05649
0.00023807999999999997,15,0.022404604240560146,0.6171082213333696,1,0.6277965691124004,809919.8989219966,0.74383
0.0002382,18,0.022392034042415358,0.20345944242097933,-1,0.17993181358877722,2454565.9836427723,0.673174
0.0002394,19,0.022357671124508316,0.35187193183145166,-1,0.3406791079513235,1419744.6731179864,0.639898
0.00023999999999999998,17,0.022357929805548602,0.12798766480565155,1,0.1425983580116463,3897146.5093258717,0.656386
0.00024047999999999997,13,0.02236108583960568,0.33139218948525895,-1,0.3286600336754585,1506745.7005011437,0.967756
0.00024059999999999997,4,0.022349428849910435,1.2156129351974418,1,1.2214092919657462,411160.5417451298,0.909136
0.00024059999999999997,12,0.022349428849910435,0.2155261053506886,-1,0.1741864876739746,2314214.833191395,1.054
0.00024071999999999999,8,0.022325430552808962,0.5841147326589573,1,0.6202912599095307,854931.759346969,1.24739
0.00024108,5,0.022316979608848913,1.3165701968140449,-1,1.31552049372711,379627.66118990496,0.833947
0.00024143999999999997,9,0.022332489724361124,0.7158379881684536,-1,0.6463389740898385,697905.8636654854,1.05649
0.00024155999999999998,11,0.022317504139364005,1.0138214806651134,-1,0.9946205904104372,492960.52372126037,0.752216
0.00024179999999999997,16,0.02230813509561424,0.05768840780184356,1,0.05961437336061686,8614258.665513504,0.553724
0.00024239999999999998,10,0.02232384023470376,0.8271427261428893,-1,0.8049280366815265,604094.5528794167,0.921681
0.00024251999999999998,8,0.022332069253889603,0.5841424418070116,-1,0.566277459749303,854931.759346969,1.24739
0.00024263999999999997,7,0.022322934836665972,1.5636781990015973,-1,1.5212501150280517,319680.8306586704,0.645607
0.00024312,3,0.022317320011113483,2.266641939282634,1,2.2719090119457612,220563.58407001573,0.455707
0.00024359999999999999,9,0.022293110879646937,0.7156987297788054,-1,0.6883937488234352,697905.8636654854,1.05649
0.00024359999999999999,14,0.022293110879646937,0.4352439776103229,1,0.44988993934450594,1147181.0320499437,0.878186
0.00024468,17,0.022320737309616707,0.12790599724773577,1,0.15643014879241166,3897146.5093258717,0.656386
0.00024468,18,0.022320737309616707,0.2032989456466885,-1,0.1970666738845597,2454565.9836427723,0.673174
0.0002448,8,0.022331469013581375,0.5841399366447879,1,0.5892212852125595,854931.759346969,1.24739
0.00024515999999999996,4,0.022331742253955573,1.215559145903103,1,1.237117666446964,411160.5417451298,0.909136
0.00024576,3,0.022309077848649224,2.266629366947245,-1,2.237923826216248,220563.58407001573,0.455707
0.00024671999999999997,14,0.022321216838254703,0.4353266066601682,-1,0.3996940995848022,1147181.0320499437,0.878186
0.00024671999999999997,19,0.022321216838254703,0.35179389615255574,1,0.4040053127783273,1419744.6731179864,0.639898
0.0002472,14,0.0223269734559991,0.4353435241909036,1,0.44740195477037975,1147181.0320499437,0.878186
0.00024779999999999995,1,0.022379410194340203,2.108202413260143,1,2.1273868111816774,237147.77626530197,0.466047
0.00024779999999999995,18,0.022379410194340203,0.20343104338829218,-1,0.19794734516811216,2454565.9836427723,0.673174
0.00024804,5,0.022374959757921118,1.3167319259519048,1,1.3192299531754164,379627.66118990496,0.833947
0.00024972,14,0.022323556643248945,0.43533348313508835,-1,0.3879563737778651,1147181.0320499437,0.878186
0.00025079999999999997,9,0.022326780960148764,0.7158178074470806,-1,0.7140244772298711,697905.8636654854,1.05649
0.00025116,13,0.022346286909248964,0.3313442943248006,1,0.35196122527243584,1506745.7005011437,0.967756
0.00025224,9,0.022350226698827514,0.7159006726673507,-1,0.7152158155552314,697905.8636654854,1.05649
0.00025259999999999996,19,0.0223512642899844,0.35185822168484604,1,0.3611678307714262,1419744.6731179864,0.639898
0.00025415999999999997,1,0.022338052147004395,2.108137961287171,-1,2.0988906022910503,237147.77626530197,0.466047
0.00025476,0,0.02232253957734264,2.0560456558722366,-1,2.0403893969654607,243156.3641315184,0.412252
0.00025536,10,0.022338958964234202,0.8271893499755786,-1,0.8184988534261917,604094.5528794167,0.921681
0.00025571999999999997,8,0.022386223047703113,0.5843683196447809,-1,0.5727409394277493,854931.759346969,1.24739
0.00025632,13,0.022421332453407255,0.33158700782774686,-1,0.3202439718123801,1506745.7005011437,0.967756
0.00025655999999999997,8,0.022438935499460858,0.5845879233355104,1,0.6011545252872621,854931.759346969,1.24739
0.00025788,1,0.022322022225709656,2.1081129643732366,1,2.119391818009868,237147.77626530197,0.466047
0.00025788,8,0.022322022225709656,0.5841005051068487,1,0.6275548851593521,854931.759346969,1.24739
0.00025788,9,0.022322022225709656,0.7158009831490829,-1,0.6922868014296217,697905.8636654854,1.05649
0.00025812,8,0.022325865067487342,0.5841165463974903,-1,0.5633694068410507,854931.759346969,1.24739
0.00025812,9,0.022325865067487342,0.7158145694878784,-1,0.6873541173299094,697905.8636654854,1.05649
0.00025823999999999997,11,0.022317701404341056,1.0138219773017862,-1,1.0104763470769993,492960.52372126037,0.752216
0.00025872,18,0.02234142151979325,0.20334553443698716,1,0.20767601951364392,2454565.9836427723,0.673174
0.00025907999999999997,15,0.022332263523439252,0.616928330573163,1,0.6333122157926139,809919.8989219966,0.74383
0.00026003999999999996,4,0.022321230348493447,1.215527166517251,1,1.2483561836974144,411160.5417451298,0.909136
0.00026063999999999997,8,0.022350388813427605,0.5842188841110789,-1,0.5611559895988997,854931.759346969,1.24739
0.00026075999999999996,6,0.02234381263113596,1.4065747836473712,-1,1.3980610928363366,355373.6042701692,0.7578
0.00026087999999999996,2,0.022349973445165826,2.1616627163664175,-1,2.160714115250444,231278.0424626486,0.473691
0.00026171999999999995,4,0.022332765549358112,1.2155622585768604,1,1.2163687080129193,411160.5417451298,0.909136
0.00026184,8,0.02233510414744177,0.5841551077196488,-1,0.5385395513408141,854931.759346969,1.24739
0.00026268,12,0.02232012656734078,0.21542277657742268,-1,0.17542082118501923,2314214.833191395,1.054
0.00026327999999999996,11,0.02231708094535024,1.0138204152193817,-1,1.001554243869365,492960.52372126037,0.752216
0.00026339999999999995,1,0.022313599187600952,2.108099825966767,-1,2.0671239525447174,237147.77626530197,0.466047
0.00026411999999999996,2,0.02235211975983208,2.161666116606628,1,2.1716410872230942,231278.0424626486,0.473691
0.0002646,16,0.022372160003376593,0.05780700362838067,1,0.07996836994989248,8614258.665513504,0.553724
0.00026628,16,0.022356134616117622,0.05777733511947533,-1,0.04996691620346092,8614258.665513504,0.553724
0.00026639999999999997,11,0.0223605286914608,1.0139297478777034,1,1.0614553623836778,492960.52372126037,0.752216
0.00026651999999999996,5,0.022379408687370435,1.316744327081778,1,1.3258446614926491,379627.66118990496,0.833947
0.00026723999999999997,11,0.022348524760966985,1.0138995516071936,-1,1.0003104520182957,492960.52372126037,0.752216
0.00026772,15,0.022370700916861153,0.6170239496396628,-1,0.5596010440354141,809919.8989219966,0.74383
0.00026819999999999996,9,0.022362242043694868,0.7159431221412874,-1,0.7134878242039323,697905.8636654854,1.05649
0.00026856,11,0.022385643532522717,1.0139928988549094,1,1.0466700804543965,492960.52372126037,0.752216
0.0002688,1,0.022415095351265513,2.1082579768108234,1,2.129350344556855,237147.77626530197,0.466047
0.00026903999999999996,7,0.02241370355212391,1.5638741096184674,1,1.571506540295629,319680.8306586704,0.645607
0.00026903999999999996,15,0.02241370355212391,0.6171308281547516,-1,0.610771926901752,809919.8989219966,0.74383
0.00026964,15,0.022365648617638016,0.6170113859417518,1,0.6341425636453836,809919.8989219966,0.74383
0.00027036,14,0.022394268170902253,0.4355411281609141,-1,0.3939713937592345,1147181.0320499437,0.878186
0.00027071999999999996,14,0.022401289777417257,0.4355617292664051,-1,0.4301520246616851,1147181.0320499437,0.878186
0.00027084,0,0.02243373744211874,2.056198876620847,1,2.066584628615992,243156.3641315184,0.412252
0.0002712,17,0.022410128050032587,0.1281021676184973,1,0.14279571241163266,3897146.5093258717,0.656386
0.00027131999999999997,11,0.022411175421219905,1.0140570621917244,1,1.0441361027642526,492960.52372126037,0.752216
0.00027143999999999996,9,0.02242094844454424,0.7161503644522044,-1,0.7121749616869943,697905.8636654854,1.05649
0.00027155999999999995,8,0.022428802885250038,0.5845457302115818,1,0.5874914642405638,854931.759346969,1.24739
0.00027239999999999995,12,0.022390963897233333,0.2156724545913294,-1,0.17194138713435192,2314214.833191395,1.054
0.00027288,0,0.0223616668722722,2.0560996132224942,1,2.067074078002168,243156.3641315184,0.412252
0.00027323999999999995,10,0.022362390364114044,0.8272615776399536,1,0.8318538188806475,604094.5528794167,0.921681
0.00027323999999999995,14,0.022362390364114044,0.4354475593424626,-1,0.4298144497954931,1147181.0320499437,0.878186
0.00027336,19,0.02236514088025889,0.35188791406992226,-1,0.33447416954729675,1419744.6731179864,0.639898
0.00027383999999999997,8,0.022360382949124166,0.5842605735856544,-1,0.5794566121724121,854931.759346969,1.24739
0.00027395999999999996,0,0.022372699077825384,2.0561148183294256,1,2.078566137897712,243156.3641315184,0.412252
0.0002742,19,0.022362060896591915,0.35188132448128157,-1,0.3144852544556238,1419744.6731179864,0.639898
0.00027551999999999996,15,0.022355053003117197,0.6169850329126857,1,0.6290491752255565,809919.8989219966,0.74383
0.00027563999999999996,9,0.022344223988211703,0.7158794611860326,-1,0.7097653484889822,697905.8636654854,1.05649
0.000276,9,0.022344750157526197,0.7158813205984084,1,0.7246774373231901,697905.8636654854,1.05649
0.00027707999999999997,9,0.022351377892989438,0.7159047402596366,-1,0.71103801640875,697905.8636654854,1.05649
0.00027744,6,0.022350201146169386,1.4065909761824313,1,1.4098414157809431,355373.6042701692,0.7578
0.0002784,17,0.022272000825079144,0.12779887824870334,-1,0.11885648103366155,3897146.5093258717,0.656386
0.00027864,10,0.022261447172123826,0.8269501483248874,1,0.853051636648779,604094.5528794167,0.921681
0.00027875999999999997,19,0.022258791731691853,0.35166011803517294,1,0.3525180248438315,1419744.6731179864,0.639898
0.00027983999999999995,7,0.022268543535078712,1.5635606126732589,1,1.5846632738866742,319680.8306586704,0.645607
0.00027996,11,0.022261717939135523,1.0136809444696013,-1,1.0074244805772585,492960.52372126037,0.752216
0.0002802,12,0.02226821365203367,0.21523954916348575,1,0.23378596613125788,2314214.833191395,1.054
0.00028031999999999997,2,0.022262537738137755,2.1615240596742566,-1,2.1385236831859675,231278.0424626486,0.473691
0.00028055999999999996,8,0.022270241547042883,0.5838842206493504,-1,0.5731134035833418,854931.759346969,1.24739
0.0002808,7,0.022267474353323796,1.5635582998146684,1,1.5743795301864003,319680.8306586704,0.645607
0.00028104,8,0.022291094563793606,0.5839713525248399,-1,0.5449936929689427,854931.759346969,1.24739
0.00028223999999999995,6,0.02229826571835261,1.4064592718338378,-1,1.4055465278065598,355373.6042701692,0.7578
0.00028223999999999995,13,0.02229826571835261,0.33118876953395016,1,0.34840828644172905,1506745.7005011437,0.967756
0.00028283999999999997,16,0.02228246771354922,0.057640815328960315,1,0.059717602893213685,8614258.665513504,0.553724
0.00028307999999999995,3,0.02229066670004606,2.266601274769418,-1,2.260042514978338,220563.58407001573,0.455707
0.00028356,9,0.02231623029592446,0.7157805036141661,1,0.7654070767672223,697905.8636654854,1.05649
0.00028404,3,0.022329036559824537,2.2666598073423945,-1,2.261655249524324,220563.58407001573,0.455707
0.00028475999999999995,1,0.02231640519210612,2.1081042030985113,1,2.1116731826230497,237147.77626530197,0.466047
0.000285,10,0.022290536285020205,0.8270399661667166,-1,0.8183226854941389,604094.5528794167,0.921681
0.00028715999999999995,6,0.022301588898181096,1.4064677037586437,-1,1.4035835307586515,355373.6042701692,0.7578
0.00028728,16,0.02228769022953433,0.057650501141107535,-1,0.044058181318855597,8614258.665513504,0.553724
0.00028836,6,0.022355828994401496,1.4066052387898342,-1,1.3919097882925893,355373.6042701692,0.7578
0.00028883999999999995,3,0.022380949165849658,2.266738919155988,1,2.288611030440344,220563.58407001573,0.455707
0.00028908,14,0.022379130487666443,0.43549670382955935,1,0.5151003835398914,1147181.0320499437,0.878186
0.00028932,17,0.02238348675205181,0.12804374356901893,-1,0.10983822749796632,3897146.5093258717,0.656386
0.00028943999999999997,13,0.022386488060276218,0.3314743641289623,-1,0.3057535017177012,1506745.7005011437,0.967756
0.00029099999999999997,4,0.022379981194786475,1.2157058022892338,1,1.217877769322915,411160.5417451298,0.909136
0.00029172,10,0.02239965729309702,0.8273763756362151,1,0.8346912376488637,604094.5528794167,0.921681
0.00029244,5,0.02238302164817715,1.3167543970911457,1,1.363051083854276,379627.66118990496,0.833947
0.00029279999999999996,16,0.022385837854301958,0.05783231763534288,-1,0.03899719511654132,8614258.665513504,0.553724
0.000294,16,0.022397866300907465,0.05785457265038744,-1,0.0536789210592179,8614258.665513504,0.553724
0.000294,18,0.022397866300907465,0.20347256016201556,1,0.20790411153475555,2454565.9836427723,0.673174
0.00029543999999999995,11,0.022370913573473476,1.0139558648415574,-1,1.0023707084173523,492960.52372126037,0.752216
0.00029568,15,0.022375044388621094,0.6170347495418452,1,0.6515699083202208,809919.8989219966,0.74383
0.00029591999999999997,0,0.022395839128733684,2.056146698867375,1,2.0643253814985036,243156.3641315184,0.412252
0.00029615999999999996,15,0.022416298219265097,0.6171372736451614,-1,0.581568879641352,809919.8989219966,0.74383
0.00029687999999999996,10,0.022442738567016448,0.8275089653459766,1,0.920177829685036,604094.5528794167,0.921681
0.00029724,14,0.022455648031960172,0.43572110503154593,1,0.4400682862404484,1147181.0320499437,0.878186
0.00029832,7,0.02248980643212528,1.5640380607189184,1,1.5976711554585354,319680.8306586704,0.645607
0.00030095999999999996,8,0.02249975671960816,0.5848409884455057,1,0.5885181875177095,854931.759346969,1.24739
0.0003024,8,0.022487997502492144,0.5847920873581536,-1,0.5779970527856458,854931.759346969,1.24739
0.00030263999999999996,10,0.022494213927520535,0.8276672224801187,-1,0.8134745484265788,604094.5528794167,0.921681
0.00030312,9,0.02250274604265359,0.7164386702602976,1,0.7203576398285458,697905.8636654854,1.05649
0.00030324,15,0.02250037592776132,0.6173459320839291,1,0.654311424405009,809919.8989219966,0.74383
0.00030431999999999996,14,0.02246978139721623,0.4357625117659944,1,0.4514579865142002,1147181.0320499437,0.878186
0.00030456,15,0.022469958044740522,0.6172704880943863,1,0.63434018897708,809919.8989219966,0.74383
0.00030552,6,0.022492494252937194,1.4069510389014852,-1,1.3892310232137324,355373.6042701692,0.7578
0.00030587999999999996,9,0.02249838431975776,0.7164233100644554,1,0.7402149941506532,697905.8636654854,1.05649
0.00030648,7,0.02252202774607466,1.564107392626896,-1,1.5579102373381608,319680.8306586704,0.645607
0.00030648,18,0.02252202774607466,0.2037514162613139,-1,0.11975044249247571,2454565.9836427723,0.673174
0.00030671999999999996,16,0.022507009186548563,0.058056236175319104,-1,0.056206368424038866,8614258.665513504,0.553724
0.00030683999999999996,1,0.022518519366154156,2.10841876373261,1,2.1094367698169707,237147.77626530197,0.466047
0.00030864,13,0.022442577982721024,0.3316556466590191,-1,0.2425064170303884,1506745.7005011437,0.967756
0.00031079999999999997,11,0.022356362451903436,1.0139192684876295,-1,0.993791338674087,492960.52372126037,0.752216
0.00031175999999999996,7,0.022374237121499232,1.5637889761009092,-1,1.471595598466805,319680.8306586704,0.645607
0.00031187999999999995,4,0.022377438161693092,1.2156980748899988,-1,1.2152170515669911,411160.5417451298,0.909136
0.00031308,13,0.022436321936851713,0.3316354383628274,-1,0.29905226710237387,1506745.7005011437,0.967756
0.00031343999999999995,19,0.022417777774213946,0.3520004600239058,-1,0.2996076925868062,1419744.6731179864,0.639898
0.0003138,16,0.022428530149342676,0.057911279839539136,1,0.061892955035592806,8614258.665513504,0.553724
0.0003144,9,0.022413824453989196,0.7161252301841724,-1,0.7122451107180339,697905.8636654854,1.05649
0.00031679999999999995,2,0.022307184621362837,2.161594895240847,-1,2.1312862651465836,231278.0424626486,0.473691
0.00031788,0,0.022358186390156833,2.0560948154793306,1,2.074335389956379,243156.3641315184,0.412252
0.00031788,1,0.022358186390156833,2.108169345739246,-1,2.0920660499694836,237147.77626530197,0.466047
0.00031944,10,0.022354887466996824,0.8272384539599485,-1,0.817202608832036,604094.5528794167,0.921681
0.00032016,16,0.022338840980954053,0.057745306715461804,-1,0.04826238057421314,8614258.665513504,0.553724
0.00032028,7,0.02234170981406209,1.5637187545915716,1,1.5717083984684115,319680.8306586704,0.645607
0.00032052,15,0.022359108170811496,0.6169951195166055,1,0.6255811044430876,809919.8989219966,0.74383
0.000321,5,0.02235572577256019,1.3166782981536358,1,1.3178411615924994,379627.66118990496,0.833947
0.00032135999999999997,18,0.0223253394691769,0.2033093133451527,1,0.2328796430865489,2454565.9836427723,0.673174
0.00032159999999999996,11,0.022306309554467486,1.0137932934464329,1,1.0266632548346184,492960.52372126037,0.752216
0.00032171999999999995,9,0.022305050602732877,0.7157409661086994,-1,0.683514018263741,697905.8636654854,1.05649
0.00032292,11,0.022246798857910494,1.0136433305932568,-1,0.9600820681080708,492960.52372126037,0.752216
0.00032364,10,0.022239424740681885,0.8268821110897278,-1,0.8163595462716363,604094.5528794167,0.921681
0.00032495999999999995,12,0.022281592055816122,0.21528678885036784,1,0.21691306490272153,2314214.833191395,1.054
0.00032555999999999997,11,0.02228572039563144,1.0137414328433239,-1,0.9967939345423755,492960.52372126037,0.752216
0.00032616,10,0.022257841487790246,0.8269390110424838,1,0.8273712417063045,604094.5528794167,0.921681
0.00032663999999999995,0,0.022287168761256325,2.055996838073142,-1,2.035003322997798,243156.3641315184,0.412252
0.00032723999999999996,8,0.022297262269446734,0.583997115746293,1,0.5966026086672255,854931.759346969,1.24739
0.00032819999999999995,1,0.022304129044987738,2.108085051306152,1,2.141870087977557,237147.77626530197,0.466047
0.00032915999999999995,9,0.022259259682211475,0.7155789208869061,1,0.7159837586107227,697905.8636654854,1.05649
0.00033059999999999996,17,0.022296579407597824,0.1278529146926773,1,0.12872082192234127,3897146.5093258717,0.656386
0.00033059999999999996,18,0.022296579407597824,0.20324450543023212,1,0.2061883806630364,2454565.9836427723,0.673174
0.00033168,5,0.022252738670334858,1.3163907583685492,1,1.3276017921378083,379627.66118990496,0.833947
0.00033192,0,0.022238403184258005,2.055929469639117,-1,2.0547179559531124,243156.3641315184,0.412252
0.00033192,9,0.022238403184258005,0.7155050585249564,1,0.7415312546577854,697905.8636654854,1.05649
0.00033192,18,0.022238403184258005,0.20311328323171918,1,0.21287728026398284,2454565.9836427723,0.673174
0.00033215999999999996,11,0.022245000925707754,1.0136387968085507,-1,1.0133440620451941,492960.52372126037,0.752216
0.00033371999999999997,3,0.022279775775569985,2.266584651670901,1,2.2741901078117457,220563.58407001573,0.455707
0.00033575999999999994,9,0.022356951408303488,0.7159244320576277,-1,0.6775416162611362,697905.8636654854,1.05649
0.00033588,0,0.02236768809243859,2.0561079124174038,-1,2.0535699662371667,243156.3641315184,0.412252
0.00033635999999999996,17,0.02235604989930889,0.1279835385242878,-1,0.11681457424605443,3897146.5093258717,0.656386
0.00033791999999999996,7,0.022374971857934564,1.5637905616954002,-1,1.5572385282521368,319680.8306586704,0.645607
0.00033936,1,0.02239636799693375,2.1082288229153163,1,2.109305502800698,237147.77626530197,0.466047
0.00033936,3,0.02239636799693375,2.266762398887387,-1,2.23190432113664,220563.58407001573,0.455707
0.00033947999999999997,8,0.022416032689745978,0.584492540382745,1,0.6239775496826756,854931.759346969,1.24739
0.00033947999999999997,16,0.022416032689745978,0.057888172752623555,1,0.07798953235488094,8614258.665513504,0.553724
0.00034008,10,0.022447983732214027,0.8275250995116434,-1,0.8231652172349797,604094.5528794167,0.921681
0.00034055999999999995,6,0.022463406402346953,1.4068775269579028,-1,1.326758088652803,355373.6042701692,0.7578
0.00034067999999999994,3,0.022464280192292733,2.2668657192267534,1,2.2716727672534787,220563.58407001573,0.455707
0.00034115999999999997,9,0.022441615378181234,0.7162232572138998,1,0.7293241443723076,697905.8636654854,1.05649
0.00034139999999999995,12,0.022440923641146845,0.2158483086401877,1,0.2252091155780482,2314214.833191395,1.054
0.00034223999999999995,1,0.022470619971250622,2.1083443435099474,-1,2.0833980278834265,237147.77626530197,0.466047
0.00034332,16,0.02251072364090629,0.05806309076663739,-1,0.05179162094650833,8614258.665513504,0.553724
0.00034439999999999997,13,0.022495896264950237,0.33182776134893954,-1,0.3085768602424528,1506745.7005011437,0.967756
0.000345,12,0.02251272189560491,0.21610068994366466,-1,0.2129384952127676,2314214.833191395,1.054
0.00034512,3,0.02251061184954776,2.2669361177468623,-1,2.256577647563322,220563.58407001573,0.455707
0.00034535999999999996,10,0.02249400150147821,0.8276665697644897,-1,0.8090288992704595,604094.5528794167,0.921681
0.00034547999999999995,10,0.02248668831087567,0.8276440968460692,1,0.8378777721604136,604094.5528794167,0.921681
0.00034607999999999997,0,0.022494707005892237,2.056282726080832,1,2.061673033868194,243156.3641315184,0.412252
0.00034668,17,0.022478547028853955,0.1282520507064707,1,0.15091778524331972,3897146.5093258717,0.656386
0.00034871999999999995,16,0.02245891025495241,0.05796742408285759,1,0.058024457078503455,8614258.665513504,0.553724
0.00034883999999999995,17,0.022456297600184933,0.1282033347127085,-1,0.11240982571932608,3897146.5093258717,0.656386
0.00035004,3,0.022446784481352004,2.266839116532103,1,2.2759602729483843,220563.58407001573,0.455707
0.00035015999999999997,11,0.022446012343547882,1.0141445507702886,-1,1.0074260404244624,492960.52372126037,0.752216
0.0003516,18,0.02245048536370465,0.20359083225339716,-1,0.17548395844947573,2454565.9836427723,0.673174
0.00035232,16,0.022476035113837854,0.05799905510673451,-1,0.054285865758930546,8614258.665513504,0.553724
0.00035255999999999997,15,0.022482427348486097,0.6173014212715993,1,0.6179051045138612,809919.8989219966,0.74383
0.00035279999999999996,10,0.022460796171811435,0.8275645027435125,1,0.8970921848478463,604094.5528794167,0.921681
0.00035304,12,0.02248223531346636,0.21599357441031167,1,0.2377725051013515,2314214.833191395,1.054
0.00035412,7,0.022477321510829512,1.5640111830579893,1,1.5650662086675178,319680.8306586704,0.645607
0.00035459999999999995,10,0.022465989381968844,0.8275804706824174,-1,0.8236391549453504,604094.5528794167,0.921681
0.00035519999999999996,3,0.022487291947291536,2.2669006934449327,-1,2.2093037802646727,220563.58407001573,0.455707
0.00035556,0,0.0224990846721864,2.056288742168135,1,2.0849949380201167,243156.3641315184,0.412252
0.00035568,10,0.022507435234683765,0.8277078411616244,-1,0.8177102563309034,604094.5528794167,0.921681
0.00035568,19,0.022507435234683765,0.3521918579960324,1,0.3636760766527652,1419744.6731179864,0.639898
0.00035627999999999994,18,0.02249756867936678,0.20369654417982233,-1,0.17963836794797206,2454565.9836427723,0.673174
0.00035675999999999997,2,0.022510914284979762,2.1619172312391783,1,2.1714110507170843,231278.0424626486,0.473691
0.00035699999999999995,5,0.022493790632884005,1.3170627378653577,-1,1.3153336039579968,379627.66118990496,0.833947
0.00035711999999999994,18,0.022482272437449786,0.2036622130475297,-1,0.19942017238053233,2454565.9836427723,0.673174
0.00035759999999999996,11,0.022477449313144767,1.0142234425336836,-1,1.002440179879369,492960.52372126037,0.752216
0.0003582,13,0.022446541994922103,0.33166844976416093,-1,0.2970180402954061,1506745.7005011437,0.967756
0.00035855999999999996,19,0.022431267160442078,0.3520292811768357,-1,0.34194746756060057,1419744.6731179864,0.639898
0.00035867999999999995,14,0.022419110075670733,0.4356139988000362,1,0.44187262748563916,1147181.0320499437,0.878186
0.00035988,5,0.02243302669517134,1.3168936872970074,-1,1.3083926234926186,379627.66118990496,0.833947
0.00035999999999999997,9,0.02243858288732574,0.7162125636489982,1,0.7259024265881185,697905.8636654854,1.05649
0.00036011999999999996,7,0.02244204967481859,1.5639352091443344,-1,1.5567481075448324,319680.8306586704,0.645607
0.00036023999999999995,5,0.0224354034726607,1.3169003039984835,-1,1.2849599057432934,379627.66118990496,0.833947
0.00036035999999999994,10,0.022439575448934473,0.8274992346607923,1,0.8733540214994215,604094.5528794167,0.921681
0.00036107999999999995,8,0.022491206170921537,0.5848054319784376,1,0.609606333619901,854931.759346969,1.24739
0.00036396,7,0.022544752742842254,1.5641562611045112,-1,1.5447857673770549,319680.8306586704,0.645607
0.00036396,12,0.022544752742842254,0.21621315319715362,1,0.23687797477254707,2314214.833191395,1.054
0.00036491999999999997,16,0.022561497146667633,0.0581567306989785,-1,0.05582014667208374,8614258.665513504,0.553724
0.00036611999999999994,9,0.022600606693138767,0.716782904712223,1,0.721373579416046,697905.8636654854,1.05649
0.00036659999999999997,14,0.022614550265544844,0.4361858957572714,-1,0.4313980564369171,1147181.0320499437,0.878186
0.00036743999999999996,10,0.022586188580576746,0.827949541494196,-1,0.8107122023336907,604094.5528794167,0.921681
0.00036792,9,0.022621709773333158,0.7168570391249511,-1,0.7057546463060798,697905.8636654854,1.05649
0.00036827999999999996,9,0.02262971214748686,0.7168851421540078,1,0.7236421948828999,697905.8636654854,1.05649
0.00036839999999999996,10,0.022626968360672677,0.8280745323220794,1,0.8398766406632517,604094.5528794167,0.921681
0.00036839999999999996,14,0.022626968360672677,0.43622214992258457,1,0.5146051712985953,1147181.0320499437,0.878186
0.00036863999999999994,8,0.022620568673525552,0.585342650723958,1,0.6092163162560358,854931.759346969,1.24739
0.00036863999999999994,10,0.022620568673525552,0.8280549246105134,-1,0.8128085767207116,604094.5528794167,0.921681
0.00036876,4,0.022628890294879096,1.216460038242039,-1,1.2087204409088979,411160.5417451298,0.909136
0.00036948,0,0.022653432959579386,2.056500485253677,1,2.0767770842375217,243156.3641315184,0.412252
0.00036995999999999996,12,0.022637189006549863,0.21653725823186154,-1,0.21610778043960294,2314214.833191395,1.054
0.00037103999999999994,1,0.02267314253493101,2.108658459721954,1,2.1188160251540107,237147.77626530197,0.466047
0.0003714,7,0.022666476589549636,1.5644176012549014,-1,1.5550935360243867,319680.8306586704,0.645607
0.00037163999999999996,13,0.02263646579781893,0.332280553167718,1,0.34465569741016494,1506745.7005011437,0.967756
0.00037224,6,0.02262596802835122,1.4072877511216628,-1,1.3987407739762436,355373.6042701692,0.7578
0.00037247999999999996,14,0.022648044209450283,0.43628365731381097,1,0.4558170940385539,1147181.0320499437,0.878186
0.00037259999999999995,15,0.022628466081769317,0.6176630697185514,1,0.6196352185344759,809919.8989219966,0.74383
0.0003738,15,0.022623792883072986,0.6176515151746247,-1,0.6109941640835217,809919.8989219966,0.74383
0.0003744,19,0.022611197586475434,0.3524128913852517,-1,0.3405041688192388,1419744.6731179864,0.639898
0.00037511999999999995,19,0.022602615514905142,0.35239462921776216,-1,0.31933477167218594,1419744.6731179864,0.639898
0.00037536,8,0.022594711274149682,0.5852353927697204,1,0.5938144773786973,854931.759346969,1.24739
0.00037763999999999994,0,0.022642111933677957,2.056484979038132,1,2.107223281942453,243156.3641315184,0.412252
0.00037776,18,0.02266226039577191,0.2040654441915588,-1,0.16937534553636444,2454565.9836427723,0.673174
0.00037847999999999994,4,0.022681264837229178,1.2166182127151883,1,1.2253945807244893,411160.5417451298,0.909136
0.00037956,4,0.022755702952640556,1.2168427066964136,-1,1.1889576251459966,411160.5417451298,0.909136
0.00037979999999999996,4,0.02275240566247766,1.2168327703521122,1,1.2835613349996882,411160.5417451298,0.909136
0.00037991999999999995,15,0.02277217547546886,0.6180178123624648,1,0.6288026885709782,809919.8989219966,0.74383
0.00038063999999999996,4,0.02276843922948703,1.216881080554656,-1,1.209691796049154,411160.5417451298,0.909136
0.00038112,19,0.0227408912388805,0.3526884514464626,1,0.4392642317094671,1419744.6731179864,0.639898
0.00038124,3,0.0227279917146258,2.2672654518272073,1,2.268953150905165,220563.58407001573,0.455707
0.00038255999999999994,13,0.02273031888772849,0.3325820832750855,-1,0.32125248376345084,1506745.7005011437,0.967756
0.00038448,1,0.02274355356803167,2.108767339642939,-1,2.1027734745440534,237147.77626530197,0.466047
0.0003852,4,0.02272490790903442,1.2167498781476034,1,1.239687466431735,411160.5417451298,0.909136
0.00038579999999999995,9,0.02270133121084254,0.7171364356844192,-1,0.6368307931729901,697905.8636654854,1.05649
0.00038592,13,0.022702841574760223,0.33249386903836914,-1,0.3318922741321427,1506745.7005011437,0.967756
0.00038616,10,0.022694202344414948,0.8282803601264841,1,0.8756215112204139,604094.5528794167,0.921681
0.000387,10,0.02268111845943809,0.8282403294891405,1,0.8301942028859635,604094.5528794167,0.921681
0.00038711999999999997,5,0.022677021757580164,1.3175711251067146,1,1.3195805787481543,379627.66118990496,0.833947
0.00038831999999999994,18,0.022694281101700676,0.20413701291971598,1,0.20882159897562372,2454565.9836427723,0.673174
0.00038844,0,0.022710805565560887,2.056579008026018,-1,2.0326436704169994,243156.3641315184,0.412252
0.00038844,9,0.022710805565560887,0.7171696491403493,1,0.7434252430583,697905.8636654854,1.05649
0.00038915999999999994,19,0.02273813571454444,0.35268260496705944,1,0.35566055307182143,1419744.6731179864,0.639898
0.00038951999999999997,9,0.02272693327788561,0.7172261707878621,1,0.7568830025081928,697905.8636654854,1.05649
0.00039215999999999996,10,0.022665014736058208,0.8281910436884939,1,0.8521426496902661,604094.5528794167,0.921681
0.00039264,10,0.022665326101420483,0.8281919967950189,1,0.8326840837527251,604094.5528794167,0.921681
0.00039276,15,0.022668656944586238,0.6177623929304348,-1,0.6105298770869796,809919.8989219966,0.74383
0.00039323999999999994,12,0.022642388818149978,0.21655547041621515,1,0.2562358750702842,2314214.833191395,1.054
0.00039348,5,0.022656388137108976,1.3175139785972592,-1,1.3067437562821729,379627.66118990496,0.833947
0.00039395999999999995,9,0.022629170825556537,0.7168832412766433,-1,0.7063325079505148,697905.8636654854,1.05649
0.0003942,19,0.022627330240945282,0.3524472113918188,-1,0.3455117789140225,1419744.6731179864,0.639898
0.00039467999999999995,0,0.022645358607607767,2.0564894263482563,1,2.0792115335769625,243156.3641315184,0.412252
0.00039575999999999994,11,0.022644407296565628,1.0146415058124,1,1.0261367771778838,492960.52372126037,0.752216
0.00039647999999999994,0,0.02263501889602355,2.0564752618504487,1,2.095683020476076,243156.3641315184,0.412252
0.00039647999999999994,6,0.02263501889602355,1.4073105476026073,-1,1.4031726046358464,355373.6042701692,0.7578
0.00039672,15,0.02264053271076925,0.6176928990975231,-1,0.6114467819175046,809919.8989219966,0.74383
0.00039684,13,0.022640304220453496,0.33229289745294793,1,0.3433071543178066,1506745.7005011437,0.967756
0.00039779999999999997,16,0.02266680718032189,0.058350615266685446,1,0.05945167036109626,8614258.665513504,0.553724
0.00039815999999999994,8,0.022676434225249405,0.5855741750886773,1,0.5873660005377674,854931.759346969,1.24739
0.00039887999999999995,11,0.022657207228322138,1.0146734931716097,1,1.0307502371902149,492960.52372126037,0.752216
0.00039912,18,0.022650694336595036,0.2040395807354687,-1,0.20378809817924454,2454565.9836427723,0.673174
0.00039947999999999996,3,0.02265593531287818,2.2671564603914227,-1,2.2421867556284094,220563.58407001573,0.455707
0.00039959999999999996,19,0.022647434957094613,0.3524899642946924,1,0.3722475839351312,1419744.6731179864,0.639898
0.00039996,17,0.02264733935642402,0.12862084560107964,1,0.1450534059783395,3897146.5093258717,0.656386
0.00040055999999999995,17,0.02262833226012147,0.12857938575879663,-1,0.05707054854571576,3897146.5093258717,0.656386
0.00040127999999999995,11,0.02260323076185964,1.014538543223979,-1,0.9974496785234699,492960.52372126037,0.752216
0.00040152,4,0.022602176380689572,1.2163792900163597,1,1.2255028662880199,411160.5417451298,0.909136
0.00040187999999999997,0,0.02260837232290653,2.056438743463865,-1,2.045476885857865,243156.3641315184,0.412252
0.00040187999999999997,5,0.02260837232290653,1.3173808940295253,1,1.353518933132929,379627.66118990496,0.833947
0.00040187999999999997,13,0.02260837232290653,0.3321901732717274,1,0.3613897190672162,1506745.7005011437,0.967756
0.00040199999999999996,10,0.022594722745620126,0.8279757082079218,1,0.8362235984070265,604094.5528794167,0.921681
0.00040248,10,0.022586328108417767,0.8279499693420596,-1,0.8217560098354882,604094.5528794167,0.921681
0.0004026,13,0.022573328541745933,0.3320773547047338,-1,0.31245260988908913,1506745.7005011437,0.967756
0.00040355999999999996,5,0.022592060132937155,1.3173356496709647,1,1.3264168325237018,379627.66118990496,0.833947
0.00040535999999999995,10,0.02260806488738157,0.8280166068212346,1,0.847187334685694,604094.5528794167,0.921681
0.00040535999999999995,11,0.02260806488738157,1.014550635888818,1,1.0199926466621267,492960.52372126037,0.752216
0.00040572,5,0.022610150742372354,1.3173858257615425,-1,1.3053253638493076,379627.66118990496,0.833947
0.00040595999999999997,5,0.022631005389927523,1.3174436432831924,1,1.3371772917255778,379627.66118990496,0.833947
0.00040607999999999996,13,0.022642859347324976,0.3323011141062843,-1,0.3147640243060108,1506745.7005011437,0.967756
0.00040668,16,0.022630507376702826,0.05828383526399778,-1,0.04526589493399728,8614258.665513504,0.553724
0.0004074,9,0.022643346556330483,0.7169330125248595,1,0.7728296753128376,697905.8636654854,1.05649
0.00040763999999999997,12,0.022668687046474286,0.21664754715649168,1,0.23282772513888256,2314214.833191395,1.054
0.00040787999999999995,9,0.022673108606937813,0.7170374569591559,-1,0.6952860626025131,697905.8636654854,1.05649
0.00040871999999999995,14,0.0226480549441132,0.4362836886343712,1,0.4609507354931396,1147181.0320499437,0.878186
0.00040943999999999996,6,0.02262129469775279,1.407275978587679,1,1.4087413777057418,355373.6042701692,0.7578
0.00040967999999999994,3,0.022599034761676417,2.26707027093928,1,2.268015503401619,220563.58407001573,0.455707
0.00041003999999999997,11,0.0226193497817677,1.0145788602544703,-1,0.9876639641481323,492960.52372126037,0.752216
0.00041123999999999995,17,0.022581307032918344,0.12847673557014103,1,0.15380932431689393,3897146.5093258717,0.656386
0.00041219999999999994,18,0.02258045290005334,0.20388236824402806,1,0.2670983581609866,2454565.9836427723,0.673174
0.00041255999999999997,4,0.022579969478801757,1.2163121288209195,1,1.2274803647458337,411160.5417451298,0.909136
0.00041304,9,0.022586436751145172,0.7167331067573558,-1,0.6999386313314587,697905.8636654854,1.05649
0.00041339999999999997,15,0.02256664114948504,0.6175101101208167,1,0.6280129454801233,809919.8989219966,0.74383
0.00041351999999999996,17,0.022578519304162034,0.1284706469525901,1,0.13911759269143636,3897146.5093258717,0.656386
0.00041363999999999995,8,0.022577456641378776,0.5851637854329089,-1,0.5283084240307748,854931.759346969,1.24739
0.00041375999999999994,13,0.022544126828738496,0.3319832769536247,1,0.34502451529893596,1506745.7005011437,0.967756
0.000414,11,0.022561983551738638,1.0144353098419066,1,1.0527793324808683,492960.52372126037,0.752216
0.00041411999999999997,12,0.022560921178903053,0.21626989172268574,1,0.22082472676790743,2314214.833191395,1.054
0.00041519999999999995,14,0.02251694490669705,0.43590059326394137,-1,0.3945437986753581,1147181.0320499437,0.878186
0.00041579999999999997,15,0.022508632559893604,0.6173664018041451,1,0.6468395178177103,809919.8989219966,0.74383
0.00041615999999999995,8,0.022493399458170815,0.5848145531540107,1,0.6224549796002733,854931.759346969,1.24739
0.00041675999999999996,3,0.022510611601770255,2.2669361173705713,1,2.2774823342969075,220563.58407001573,0.455707
0.00041687999999999995,10,0.022511069209014835,0.8277190034171727,1,0.8365153818615088,604094.5528794167,0.921681
0.00041759999999999996,18,0.02248811646929386,0.2036753308651643,-1,0.20093211413479484,2454565.9836427723,0.673174
0.00041796,11,0.022519564099842883,1.0143290441042552,-1,1.0118847723536706,492960.52372126037,0.752216
0.00041831999999999997,14,0.022543248520866532,0.43597754004023825,1,0.4474504132700643,1147181.0320499437,0.878186
0.00042048,18,0.022575899240174994,0.20387216793098592,1,0.2269758609918972,2454565.9836427723,0.673174
0.00042144,1,0.022548602670221997,2.108465463031871,-1,2.0705009728704273,237147.77626530197,0.466047
0.00042144,15,0.022548602670221997,0.6174654420734312,-1,0.5588176376745783,809919.8989219966,0.74383
0.00042275999999999994,7,0.022525335746667603,1.5641145077779215,-1,1.5639613320218324,319680.8306586704,0.645607
0.00042312,15,0.022479867827234053,0.6172950724489381,1,0.6556974079186619,809919.8989219966,0.74383
0.00042347999999999995,8,0.022479422636717008,0.5847564204382197,-1,0.5805187755053325,854931.759346969,1.24739
0.00042372,1,0.022476767748786708,2.108353899608841,1,2.1619524574097135,237147.77626530197,0.466047
0.00042515999999999995,11,0.022381148359872424,1.013981598399137,-1,1.010715548082651,492960.52372126037,0.752216
0.00042624,18,0.02242246400185105,0.20352786579192295,1,0.20694018844343193,2454565.9836427723,0.673174
0.00042708,10,0.02239867020021623,0.8273733362019408,-1,0.8235011026992005,604094.5528794167,0.921681
0.00042755999999999995,8,0.02239463491223761,0.5844033813736736,1,0.6081876206757948,854931.759346969,1.24739
0.00042779999999999994,18,0.022399484429988153,0.2034761993067928,1,0.2196126257063674,2454565.9836427723,0.673174
0.00042815999999999997,15,0.022395711650141963,0.617086123665279,-1,0.61153966352595,809919.8989219966,0.74383
0.00042876,11,0.02244166892968843,1.0141336465354438,-1,0.97173602510791,492960.52372126037,0.752216
0.00043019999999999994,10,0.022456795965758863,0.8275522017619832,1,0.8414544242527953,604094.5528794167,0.921681
0.00043212,15,0.02252610119861595,0.6174096974242121,-1,0.6160385462402248,809919.8989219966,0.74383
0.00043223999999999997,11,0.022540557265537713,1.01438164696166,1,1.0550509403102917,492960.52372126037,0.752216
0.00043247999999999995,2,0.0225437109841092,2.161968984844442,1,2.1685671293922124,231278.0424626486,0.473691
0.0004338,13,0.022577302499481432,0.3320901527077097,-1,0.3077684392692859,1506745.7005011437,0.967756
0.00043427999999999994,9,0.022594008668918048,0.7167597189727193,-1,0.6786284149280635,697905.8636654854,1.05649
0.00043536,8,0.022577568473659132,0.5851642496289121,1,0.5988648710271566,854931.759346969,1.24739
0.00043667999999999995,7,0.022603838379751443,1.5642832053871623,1,1.5685403264125493,319680.8306586704,0.645607
0.00043704,10,0.022634773581235203,0.828098442630961,-1,0.8009333589164607,604094.5528794167,0.921681
0.00043727999999999996,9,0.022640755534162137,0.7169239165627752,1,0.7482497012556261,697905.8636654854,1.05649
0.00043788,14,0.02262843155568386,0.4362264210105863,1,0.4801761482902379,1147181.0320499437,0.878186
0.0004386,4,0.022591953973809645,1.216348378094538,-1,1.2009420560351411,411160.5417451298,0.909136
0.00043907999999999995,3,0.02257489337501864,2.267033670272189,1,2.2732098020072367,220563.58407001573,0.455707
0.00043919999999999994,6,0.022575115217732766,1.407159582943343,-1,1.391009090132496,355373.6042701692,0.7578
0.00043979999999999996,8,0.0225169814466364,0.5849125949715255,1,0.6030173976123118,854931.759346969,1.24739
0.00044051999999999996,9,0.02248914572080051,0.7163907705974211,1,0.720726421588267,697905.8636654854,1.05649
0.00044112,10,0.022503447174649676,0.8276955902456495,-1,0.8062920188279564,604094.5528794167,0.921681
0.00044147999999999995,9,0.02249621346451486,0.7164156646493409,1,0.7343025619451037,697905.8636654854,1.05649
0.00044303999999999996,11,0.02248088616224916,1.0142320640354645,1,1.0161478871062084,492960.52372126037,0.752216
0.00044399999999999995,0,0.02251584878938758,2.0563117751498643,1,2.097277659668001,243156.3641315184,0.412252
0.00044459999999999996,11,0.02251692646529967,1.014322433214414,1,1.028627366966342,492960.52372126037,0.752216
0.00044483999999999995,8,0.022503563892240865,0.584856817958391,-1,0.5744802893488247,854931.759346969,1.24739
0.0004452,3,0.022502690086512865,2.26692408618205,1,2.371842203717842,220563.58407001573,0.455707
0.00044543999999999996,13,0.02250531889238296,0.3318581569528277,1,0.35292888997710753,1506745.7005011437,0.967756
0.00044555999999999996,10,0.022499902705993488,0.8276847010862195,1,0.8629120388042145,604094.5528794167,0.921681
0.00044592,1,0.022512396156281166,2.108409254653145,1,2.118311475465311,237147.77626530197,0.466047
0.00044604,12,0.022513708974888635,0.21610415686421194,-1,0.16568911673002668,2314214.833191395,1.054
0.00044615999999999997,9,0.022516290638436173,0.7164863592747811,-1,0.7024672895230042,697905.8636654854,1.05649
0.00044663999999999994,1,0.022538243792560718,2.108449386125012,-1,2.09637203293731,237147.77626530197,0.466047
0.00044676,12,0.022539437104226595,0.21619449503227398,-1,0.18464553665803674,2314214.833191395,1.054
0.00044795999999999996,10,0.022566682732839526,0.8278897157939624,-1,0.8219518741750971,604094.5528794167,0.921681
0.00044795999999999996,11,0.022566682732839526,1.0144470756972004,1,1.0153738962669963,492960.52372126037,0.752216
0.00044844,14,0.022546775818718615,0.4359878551394843,-1,0.4319055151314085,1147181.0320499437,0.878186
0.00044903999999999994,5,0.0225694172459186,1.3172728190725957,1,1.3506720713296156,379627.66118990496,0.833947
0.00045023999999999997,13,0.022578962222921203,0.3320954974601851,-1,0.28604147601945196,1506745.7005011437,0.967756
0.00045096,11,0.022572722497682548,1.0144621963201388,1,1.0178128806957416,492960.52372126037,0.752216
0.00045227999999999995,8,0.02257616815521396,0.5851584370719493,1,0.5879578085195852,854931.759346969,1.24739
0.00045323999999999994,17,0.0225977325445019,0.12851260254318875,1,0.1391686036908987,3897146.5093258717,0.656386
0.00045407999999999994,0,0.022558362069078686,2.056370147659518,1,2.1308534818845812,243156.3641315184,0.412252
0.00045432,6,0.02255566748362416,1.4071105291961457,-1,1.4046853464910896,355373.6042701692,0.7578
0.00045443999999999997,10,0.022544281930845525,0.8278209791758931,-1,0.82519788650292,604094.5528794167,0.921681
0.00045551999999999995,1,0.022535321382137912,2.108444849896,-1,2.0262215236881724,237147.77626530197,0.466047
0.00045599999999999997,5,0.02255260770900858,1.3172261547550408,-1,1.2951162525591065,379627.66118990496,0.833947
0.00045623999999999996,13,0.022526544707542256,0.3319266040925765,1,0.3544387925055611,1506745.7005011437,0.967756
0.00045647999999999994,16,0.02252694456100936,0.05809301795336111,1,0.07257843570249237,8614258.665513504,0.553724
0.00045683999999999997,6,0.022510261918632223,1.406995918651523,1,1.4077357615528447,355373.6042701692,0.7578
0.00045683999999999997,17,0.022510261918632223,0.12832145003958645,-1,0.11941054363939997,3897146.5093258717,0.656386
0.00045756,11,0.02252614537196158,1.0143455375236579,-1,1.0130908685220896,492960.52372126037,0.752216
0.00045863999999999996,7,0.022541445504579545,1.5641491506574279,-1,1.5554664663741744,319680.8306586704,0.645607
0.00045924,10,0.022534143428977048,0.827789858067468,-1,0.7847690780319273,604094.5528794167,0.921681
0.00046043999999999995,11,0.02251450914165039,1.0143163741652872,1,1.0858649279850887,492960.52372126037,0.752216
0.00046115999999999996,12,0.022511996021095444,0.21609814040467287,-1,0.14208921839567362,2314214.833191395,1.054
0.00046187999999999996,0,0.022512168255721537,2.0563067190323707,-1,2.0365155587722894,243156.3641315184,0.412252
0.00046236,12,0.022541727107963812,0.2162025333328687,-1,0.21171295993292857,2314214.833191395,1.054
0.00046343999999999997,10,0.022538267699705485,0.8278025187584186,1,0.8622155908545467,604094.5528794167,0.921681
0.00046343999999999997,18,0.022538267699705485,0.20378783292123814,-1,0.19772379034335424,2454565.9836427723,0.673174
0.00046367999999999995,18,0.022543536432283896,0.20379964476921594,1,0.2041839325249253,2454565.9836427723,0.673174
0.00046379999999999994,1,0.022542766259193204,2.1084564054164043,-1,2.0999056509413885,237147.77626530197,0.466047
0.00046391999999999994,6,0.02255842236795388,1.4071174792292291,1,1.4095814387182983,355373.6042701692,0.7578
0.00046475999999999993,14,0.022531318790238574,0.4359426471961794,-1,0.41462502377514876,1147181.0320499437,0.878186
0.00046896,10,0.02247047924039572,0.8275942744873892,1,0.8296007408944589,604094.5528794167,0.921681
0.00047075999999999997,1,0.022479015652228075,2.1083573934212754,-1,2.0997405028508243,237147.77626530197,0.466047
0.00047087999999999996,7,0.022474784719428088,1.5640057209162306,1,1.5667515252409845,319680.8306586704,0.645607
0.00047183999999999995,11,0.022476051193458114,1.0142199350943968,1,1.023300164050587,492960.52372126037,0.752216
0.00047232,0,0.022448090004654215,2.056218625477656,1,2.061459222876965,243156.3641315184,0.412252
0.00047267999999999995,14,0.022445305697117286,0.4356907966793138,1,0.44314435426817467,1147181.0320499437,0.878186
0.00047316,5,0.022456416209710128,1.316958786034743,1,1.3264933361166455,379627.66118990496,0.833947
0.00047363999999999994,11,0.022418879159834256,1.0140764150214567,-1,1.0057495358443884,492960.52372126037,0.752216
0.00047435999999999995,4,0.02245847913826099,1.2159441148631072,1,1.2263543016108418,411160.5417451298,0.909136
0.00047435999999999995,12,0.02245847913826099,0.21591005601110833,1,0.22006136906656887,2314214.833191395,1.054
0.00047447999999999994,7,0.02247328523440756,1.5640024921259263,-1,1.5427946847326568,319680.8306586704,0.645607
0.00047472,3,0.022452452763437793,2.266847736441008,1,2.273527999857775,220563.58407001573,0.455707
0.00047519999999999995,8,0.022436018249475,0.5845757766188818,-1,0.533717014152085,854931.759346969,1.24739
0.00047579999999999996,9,0.022458056451327812,0.7162812212980494,-1,0.7075887851504722,697905.8636654854,1.05649
0.00047591999999999996,12,0.02245339827954108,0.2158921877566844,-1,0.1937551425866605,2314214.833191395,1.054
0.00047603999999999995,8,0.022441379141991156,0.5845980974586372,-1,0.5810049839100127,854931.759346969,1.24739
0.00047771999999999995,5,0.022482151687228898,1.3170303750003847,-1,1.3102926117312463,379627.66118990496,0.833947
0.00047892,6,0.022486059751572245,1.4069347814765711,-1,1.4048166804107614,355373.6042701692,0.7578
0.00047951999999999994,4,0.022505355201087814,1.216086227721459,1,1.2979480387135471,411160.5417451298,0.909136
0.00047951999999999994,8,0.022505355201087814,0.5848642654228529,1,0.613065854474599,854931.759346969,1.24739
0.00047964,14,0.022518498999926164,0.43590514074978665,-1,0.4196736595950286,1147181.0320499437,0.878186
0.00048023999999999994,7,0.02252592331157688,1.5641157715117677,-1,1.5623114039598989,319680.8306586704,0.645607
0.00048107999999999994,12,0.02254298757001946,0.21620695759374015,-1,0.19077504374946258,2314214.833191395,1.054
0.00048132,0,0.022546029157788576,2.056353219724923,1,2.0820460855979817,243156.3641315184,0.412252
0.00048143999999999997,8,0.022554139067363792,0.585066973187234,1,0.5866307989273583,854931.759346969,1.24739
0.00048275999999999994,9,0.022503945829947903,0.7164428951570997,-1,0.7068910575748182,697905.8636654854,1.05649
0.000483,10,0.022507355301078617,0.8277075956243555,-1,0.8017671163080052,604094.5528794167,0.921681
0.00048419999999999995,8,0.022508138798455497,0.5848758377929727,-1,0.5377513252410752,854931.759346969,1.24739
0.00048527999999999993,0,0.02251802133280288,2.0563147594781968,1,2.0805096223681194,243156.3641315184,0.412252
0.0004854,19,0.022499767294014726,0.3521755036384014,1,0.35865878946080804,1419744.6731179864,0.639898
0.00048659999999999996,13,0.0225345215372813,0.33195231873365605,1,0.35422907651623814,1506745.7005011437,0.967756
0.00048659999999999996,15,0.0225345215372813,0.6174305610439568,1,0.6175789502509024,809919.8989219966,0.74383
0.00048743999999999995,8,0.022579816044519987,0.5851735786540511,-1,0.5818872344123437,854931.759346969,1.24739
0.00048827999999999995,9,0.02260171197017058,0.7167867883720423,1,0.7415835044144063,697905.8636654854,1.05649
0.00048827999999999995,17,0.02260171197017058,0.12852129011005442,1,0.1371999386141739,3897146.5093258717,0.656386
0.000489,13,0.02259738510893614,0.3321548108837202,-1,0.32979897509962713,1506745.7005011437,0.967756
0.00049152,10,0.022545151354314064,0.8278236476291986,-1,0.8000242666003347,604094.5528794167,0.921681
0.0004917599999999999,11,0.022580773800107413,1.0144823497059392,1,1.0244616749846065,492960.52372126037,0.752216
0.0004922399999999999,19,0.0225896156127766,0.35236695954960356,1,0.3677571929833268,1419744.6731179864,0.639898
0.00049236,8,0.02260952297613623,0.5852968400511013,-1,0.5755486102727123,854931.759346969,1.24739
0.00049236,10,0.02260952297613623,0.8280210756725155,-1,0.8128524487419625,604094.5528794167,0.921681
0.00049248,13,0.022617010210305235,0.33221796831091294,1,0.3371300226770582,1506745.7005011437,0.967756
0.00049296,10,0.022629892115774104,0.828083489360111,1,0.8743950498498827,604094.5528794167,0.921681
0.0004934399999999999,14,0.022592228702371996,0.4361207037508633,1,0.4445153437646909,1147181.0320499437,0.878186
0.0004936799999999999,15,0.0225947527403419,0.6175796862827606,-1,0.5856041778141179,809919.8989219966,0.74383
0.00049416,2,0.022573948709607473,2.1620166670129204,-1,2.150367063519837,231278.0424626486,0.473691
0.0004951199999999999,13,0.022571888877720252,0.3320727180351022,1,0.3328769843887333,1506745.7005011437,0.967756
0.00049524,14,0.02256175201115985,0.43603164197932825,-1,0.4200101986531758,1147181.0320499437,0.878186
0.0004959599999999999,11,0.022526242425162636,1.0143457807320329,1,1.0163940028623712,492960.52372126037,0.752216
0.00049608,8,0.02253470200948686,0.5849862342066194,1,0.6290825858909058,854931.759346969,1.24739
0.00049668,19,0.022479801571996267,0.35213290721436913,1,0.4159194212434213,1419744.6731179864,0.639898
0.00049752,3,0.02244124938348448,2.26683069810966,-1,2.2450132240764504,220563.58407001573,0.455707
0.00049752,10,0.02244124938348448,0.8275043842631553,1,0.8642330212326601,604094.5528794167,0.921681
0.0004976399999999999,15,0.02245534416468252,0.6172342238416215,-1,0.5858679524402461,809919.8989219966,0.74383
0.0004992,11,0.022441028639576106,1.0141320389839674,1,1.0185076011025802,492960.52372126037,0.752216
0.00049968,19,0.02241222724841453,0.35198859836346036,1,0.398158811370181,1419744.6731179864,0.639898
0.0004998,12,0.022421098983649492,0.215778550982171,-1,0.1902326921484627,2314214.833191395,1.054
0.0005020799999999999,3,0.022435187940582288,2.266821477969233,1,2.2817501668793057,220563.58407001573,0.455707
0.00050232,3,0.022435342675158832,2.266821713353521,-1,2.265690741214232,220563.58407001573,0.455707
0.00050256,8,0.022449972395073334,0.5846338711309348,-1,0.565605340017631,854931.759346969,1.24739
0.0005029199999999999,10,0.02244664659955457,0.8275209866610463,1,0.8652883031235227,604094.5528794167,0.921681
0.0005035199999999999,14,0.02245233764553303,0.4357114046589346,1,0.4502400418615887,1147181.0320499437,0.878186
0.0005043599999999999,9,0.022449109861104054,0.7162496821385627,-1,0.7102030533582475,697905.8636654854,1.05649
0.0005045999999999999,17,0.022463711925701884,0.12821957134825804,-1,0.100540814330729,3897146.5093258717,0.656386
0.00050568,11,0.022483044584612887,1.0142374782051908,-1,0.9797778841398003,492960.52372126037,0.752216
0.0005062799999999999,10,0.022501265560048393,0.8276888880874972,1,0.8556656223159653,604094.5528794167,0.921681
0.00050736,8,0.022517553938867656,0.5849149744622415,-1,0.5676432691923096,854931.759346969,1.24739
0.0005074799999999999,3,0.022524273316841734,2.2669568617955838,1,2.3088670053658387,220563.58407001573,0.455707
0.0005074799999999999,8,0.022524273316841734,0.5849429004364499,-1,0.5818167851908583,854931.759346969,1.24739
0.00050964,6,0.02253057851638475,1.407047215106591,1,1.432327191077785,355373.6042701692,0.7578
0.0005099999999999999,9,0.022529292032956026,0.7165321222476836,-1,0.7141572843537749,697905.8636654854,1.05649
0.00051048,6,0.022506561347511275,1.4069865727556836,1,1.4140606474658954,355373.6042701692,0.7578
0.0005105999999999999,3,0.022497489802077313,2.266916186844428,1,2.300068351186599,220563.58407001573,0.455707
0.00051072,8,0.022497295448038315,0.5848307542251429,1,0.5855304287593355,854931.759346969,1.24739
0.0005110799999999999,9,0.02248106210797646,0.7163622936488134,1,0.725989069132169,697905.8636654854,1.05649
0.0005118,9,0.02247439877760245,0.7163388162210294,1,0.7247662021127732,697905.8636654854,1.05649
0.00051216,11,0.022483836817374755,1.0142394653704354,1,1.0448043946839014,492960.52372126037,0.752216
0.00051264,7,0.02248601081294323,1.5640298902621923,1,1.5688077769345286,319680.8306586704,0.645607
0.00051288,8,0.022457000344442857,0.5846631233620464,-1,0.5835868080107649,854931.759346969,1.24739
0.000513,7,0.022478813783603384,1.564014396030157,1,1.5817211760925214,319680.8306586704,0.645607
0.0005133599999999999,4,0.022466379747279868,1.215968077304768,-1,1.2041043007378265,411160.5417451298,0.909136
0.00051408,5,0.02244274380283172,1.3169207365023468,-1,1.3142236666790246,379627.66118990496,0.833947
0.0005141999999999999,15,0.02244502696107049,0.617208614658156,1,0.6402064071319796,809919.8989219966,0.74383
0.0005144399999999999,11,0.022472132336144236,1.0142101033416604,-1,1.0092602726178606,492960.52372126037,0.752216
0.0005147999999999999,0,0.022478693537851813,2.056260714293193,1,2.0678952566384807,243156.3641315184,0.412252
0.00051516,9,0.022463815787802335,0.7163015211991176,-1,0.7114732235748358,697905.8636654854,1.05649
0.0005152799999999999,1,0.022439174579126035,2.1082954443693898,-1,2.1068683110036606,237147.77626530197,0.466047
0.0005152799999999999,7,0.022439174579126035,1.5639290136895823,1,1.5746855172314156,319680.8306586704,0.645607
0.00051636,12,0.022381809700952267,0.21564021133944605,1,0.24140781716052648,2314214.833191395,1.054
0.00051684,17,0.022379565912775245,0.12803514228073204,-1,0.12002117061116353,3897146.5093258717,0.656386
0.0005169599999999999,9,0.022380502211885835,0.7160076123624772,-1,0.6997294577636021,697905.8636654854,1.05649
0.0005172,6,0.022383729383672193,1.4066759200103809,-1,1.385454230048624,355373.6042701692,0.7578
0.0005172,19,0.022383729383672193,0.3519276743240996,-1,0.3115514705839577,1419744.6731179864,0.639898
0.0005177999999999999,18,0.022367522476760108,0.2034042930558575,-1,0.15094737197846603,2454565.9836427723,0.673174
0.00051792,2,0.022375248284674666,2.1617027469856507,-1,2.1470258649693053,231278.0424626486,0.473691
0.00051876,6,0.02238724546635552,1.4066848243231673,-1,1.404628974401495,355373.6042701692,0.7578
0.00051936,2,0.022418804427685433,2.161771678754585,-1,2.1581143447197904,231278.0424626486,0.473691
0.00051948,10,0.02242177040299101,0.8274444482821126,-1,0.827220902105762,604094.5528794167,0.921681
0.00052032,10,0.022389058841693746,0.8273437376205885,1,0.8354085604777362,604094.5528794167,0.921681
0.0005206799999999999,1,0.02240437332674271,2.1082412867405114,-1,2.0945670289909546,237147.77626530197,0.466047
0.0005209199999999999,11,0.022393476053867264,1.0140125863916882,-1,0.9759023438102122,492960.52372126037,0.752216
0.00052188,17,0.02236833200634295,0.12801049387705435,-1,0.0972116946243018,3897146.5093258717,0.656386
0.0005221199999999999,4,0.022356237929823185,1.2156336376120302,1,1.2238638271380224,411160.5417451298,0.909136
0.00052308,18,0.022377939762637036,0.2034277349349708,1,0.24242997624844692,2454565.9836427723,0.673174
0.0005237999999999999,14,0.02243024795365025,0.43564665727155577,-1,0.41673561155071026,1147181.0320499437,0.878186
0.0005237999999999999,17,0.02243024795365025,0.12814626731449533,-1,0.12657840826533603,3897146.5093258717,0.656386
0.00052452,10,0.022444082872586056,0.8275131006191929,-1,0.7771101061789321,604094.5528794167,0.921681
0.00052476,12,0.02246302154316139,0.21592602893157514,-1,0.1988239682602354,2314214.833191395,1.054
0.00052524,7,0.022474221814634317,1.5640045088450327,1,1.5806220697578253,319680.8306586704,0.645607
0.0005259599999999999,18,0.022465341275854006,0.20362419885424293,1,0.21689822891000538,2454565.9836427723,0.673174
0.0005263199999999999,10,0.02245860785945303,0.8275577736284055,-1,0.8092114460212271,604094.5528794167,0.921681
0.0005265599999999999,6,0.022459437824327532,1.406867493724772,-1,1.393235596533643,355373.6042701692,0.7578
0.00053004,4,0.02247054343617496,1.2159807040222552,1,1.2354093135556836,411160.5417451298,0.909136
0.00053088,13,0.022479880461801657,0.3317760828051256,-1,0.2688332790498751,1506745.7005011437,0.967756
0.000531,6,0.02249299148953887,1.4069522951237476,1,1.4157917152523558,355373.6042701692,0.7578
0.000531,12,0.02249299148953887,0.21603137484881244,1,0.2545620250987343,2314214.833191395,1.054
0.0005319599999999999,19,0.022515049460608772,0.35220809503323547,1,0.378625487493768,1419744.6731179864,0.639898
0.00053208,7,0.022516581753140703,1.564095677747548,-1,1.5458739609498158,319680.8306586704,0.645607
0.00053292,10,0.022527080139336415,0.8277681724814003,-1,0.8093129819183391,604094.5528794167,0.921681
0.00053316,13,0.022528993297651848,0.331934498015396,1,0.35371397814126054,1506745.7005011437,0.967756
0.0005332799999999999,10,0.02252277240467723,0.8277549452821683,1,0.8497126967401629,604094.5528794167,0.921681
0.00053376,11,0.022506012973822546,1.0142950758432276,1,1.0342344005679118,492960.52372126037,0.752216
0.00053376,12,0.022506012973822546,0.21607712417013436,-1,0.2114444110841624,2314214.833191395,1.054
0.00053436,11,0.022497033608054242,1.0142725618632187,-1,0.9790934728241811,492960.52372126037,0.752216
0.00053652,9,0.022409710274214806,0.7161107130594715,-1,0.7011879021487948,697905.8636654854,1.05649
0.0005372399999999999,0,0.02239111326935291,2.0561401892897027,1,2.0707208546435063,243156.3641315184,0.412252
0.0005376,3,0.022389862943217924,2.266752494004782,1,2.3268218700002614,220563.58407001573,0.455707
0.00053772,11,0.02240365427065087,1.0140381648386048,-1,1.0028394350546381,492960.52372126037,0.752216
0.00053844,13,0.022413804094047765,0.33156267783555937,-1,0.3178072562390975,1506745.7005011437,0.967756
0.00053904,16,0.022422725680613695,0.05790054851022058,-1,0.041637970081418535,8614258.665513504,0.553724
0.0005395199999999999,6,0.022420405671187135,1.4067687666006672,-1,1.338536708811888,355373.6042701692,0.7578
0.0005405999999999999,2,0.022398080572565773,2.161738889627063,-1,2.1582689697538724,231278.0424626486,0.473691
0.0005405999999999999,8,0.022398080572565773,0.5844177414261651,-1,0.5710998787948527,854931.759346969,1.24739
0.0005417999999999999,3,0.022382844147133645,2.266741805261379,1,2.2717745882396896,220563.58407001573,0.455707
0.0005420399999999999,1,0.02238141602087475,2.1082055376055746,1,2.1153654224407927,237147.77626530197,0.466047
0.0005420399999999999,9,0.02238141602087475,0.7160108390096135,1,0.7197827993786895,697905.8636654854,1.05649
0.0005426399999999999,2,0.022335017450752073,2.1616390182079654,-1,2.126095508934663,231278.0424626486,0.473691
0.00054276,10,0.02234128072254183,0.8271965085228674,-1,0.8068462164395823,604094.5528794167,0.921681
0.0005431199999999999,11,0.022358429697707186,1.013924468376713,-1,0.9929280210310811,492960.52372126037,0.752216
0.00054336,6,0.02235944868728519,1.40661441119777,-1,1.4021288184309704,355373.6042701692,0.7578
0.00054468,17,0.02231007352789761,0.12788256908818707,1,0.16771166771841833,3897146.5093258717,0.656386
0.0005453999999999999,5,0.02229871062545616,1.3165191940121865,-1,1.2799878585370392,379627.66118990496,0.833947
0.0005453999999999999,11,0.02229871062545616,1.0137741558193398,-1,0.9926494281528966,492960.52372126037,0.752216
0.00054576,10,0.022290798999232437,0.82704077707674,-1,0.6940871116517502,604094.5528794167,0.921681
0.00054588,4,0.022293260369556915,1.2154420393761725,1,1.2314221143793458,411160.5417451298,0.909136
0.00054744,6,0.022334610868530454,1.4065514564958679,1,1.4350893553010449,355373.6042701692,0.7578
0.0005493599999999999,6,0.02231346017624348,1.4064978196968305,-1,1.405735151953184,355373.6042701692,0.7578
0.0005495999999999999,3,0.022310291249648968,2.2666312179767347,1,2.2983482449276122,220563.58407001573,0.455707
0.00054972,1,0.022317672810700972,2.108106180386992,1,2.109747403872763,237147.77626530197,0.466047
0.0005501999999999999,6,0.02231624778970343,1.406504890359751,1,1.4243443936518352,355373.6042701692,0.7578
0.0005504399999999999,13,0.022351517657528852,0.33136122489560155,-1,0.3253945463893598,1506745.7005011437,0.967756
0.0005507999999999999,16,0.02236126787415499,0.05778683970453924,-1,0.030528616731354194,8614258.665513504,0.553724
0.00055176,19,0.022360983972036255,0.351879020306852,1,0.37168509778199105,1419744.6731179864,0.639898
0.0005518799999999999,10,0.022356554207095605,0.8272435911328646,-1,0.8029216128803667,604094.5528794167,0.921681
0.00055368,7,0.022355035815098276,1.563747529578077,-1,1.5620625137927135,319680.8306586704,0.645607
0.00055404,13,0.02235550148405344,0.33137411817627743,1,0.3696076232087422,1506745.7005011437,0.967756
0.00055452,14,0.022319014029088025,0.43532013247419216,1,0.44669905731589754,1147181.0320499437,0.878186
0.00055512,4,0.022298842123323257,1.2154590318088374,1,1.2178736344788794,411160.5417451298,0.909136
0.0005554799999999999,8,0.022289990861153276,0.5839667418550182,1,0.5949793609284997,854931.759346969,1.24739
0.00055704,3,0.022286093927948083,2.266594295724284,1,2.2797525365605567,220563.58407001573,0.455707
0.00055728,8,0.02227080304490697,0.5838865673363631,1,0.5934392967029348,854931.759346969,1.24739
0.00055728,9,0.02227080304490697,0.7156197863179874,1,0.7231889030278111,697905.8636654854,1.05649
0.0005579999999999999,1,0.022276099647704148,2.1080413033917655,1,2.1271157047103793,237147.77626530197,0.466047
0.00055848,17,0.022286881038515432,0.127831596217668,-1,0.12291742363030576,3897146.5093258717,0.656386
0.0005600399999999999,0,0.022277057863638802,2.0559828761802525,-1,2.0504166993433115,243156.3641315184,0.412252
0.00056016,19,0.022275130893073238,0.3516951512546162,-1,0.3229503774797509,1419744.6731179864,0.639898
0.0005608799999999999,9,0.02230746393603353,0.7157495018127207,-1,0.6989765283460393,697905.8636654854,1.05649
0.000561,4,0.02229055305930757,1.2154337967941262,-1,1.214887740430308,411160.5417451298,0.909136
0.0005614799999999999,2,0.02229949689177971,2.1615827031475314,-1,2.160892171277491,231278.0424626486,0.473691
0.0005619599999999999,9,0.02229010430324372,0.7156880923431723,-1,0.7115102654445009,697905.8636654854,1.05649
0.0005625599999999999,16,0.022235388002371074,0.057553448800041825,1,0.06433903278803746,8614258.665513504,0.553724
0.0005625599999999999,18,0.022235388002371074,0.20310647751645108,-1,0.1909631524026426,2454565.9836427723,0.673174
0.0005631599999999999,5,0.022232824842587377,1.316335082287059,-1,1.2958395942228045,379627.66118990496,0.833947
0.0005639999999999999,18,0.02226925683529527,0.20318289802604758,1,0.2199527943026491,2454565.9836427723,0.673174
0.0005642399999999999,11,0.02227622149744249,1.0137174986524422,1,1.0318181221653528,492960.52372126037,0.752216
0.0005642399999999999,14,0.02227622149744249,0.4351942992539292,1,0.4538776633526705,1147181.0320499437,0.878186
0.0005646,16,0.022268553521582513,0.057615004169499606,-1,0.03934957457218555,8614258.665513504,0.553724
0.0005650799999999999,9,0.022256619847291746,0.7155695739419914,-1,0.6530480283051106,697905.8636654854,1.05649
0.00056544,15,0.022293138022504152,0.6168309151824689,-1,0.6082961993065,809919.8989219966,0.74383
0.00056556,7,0.02229343560892072,1.563614443629527,-1,1.5063968676515889,319680.8306586704,0.645607
0.0005656799999999999,4,0.0222698432404798,1.215370727837471,1,1.2400191257775273,411160.5417451298,0.909136
0.00056688,13,0.02221781945066782,0.3309278548811588,1,0.33588887283138225,1506745.7005011437,0.967756
0.0005669999999999999,9,0.022215833109173407,0.715425088573225,-1,0.6923374486876013,697905.8636654854,1.05649
0.0005678399999999999,4,0.02219002346520105,1.2151273727358691,-1,1.205511292061301,411160.5417451298,0.909136
0.00056964,14,0.022169332007406378,0.4348794572477858,1,0.47137868120523946,1147181.0320499437,0.878186
0.0005713199999999999,14,0.02211788966232031,0.4347276637651632,-1,0.4254852918131429,1147181.0320499437,0.878186
0.00057168,10,0.02210571406909495,0.8264682932670283,1,0.8460781879970628,604094.5528794167,0.921681
0.0005717999999999999,1,0.022102087784931976,2.10776908991053,-1,2.106305798932057,237147.77626530197,0.466047
0.0005721599999999999,10,0.022072118171269008,0.8263641215747621,-1,0.8115653478848458,604094.5528794167,0.921681
0.0005723999999999999,3,0.02208394239712047,2.2662850498095897,1,2.3065607009968643,220563.58407001573,0.455707
0.0005732399999999999,19,0.022075763956219966,0.35126680123139936,-1,0.34611198149662625,1419744.6731179864,0.639898
0.0005740799999999999,5,0.0220460359887178,1.3158116299337281,-1,1.295910454409802,379627.66118990496,0.833947
0.00057444,9,0.022042463218009057,0.7148094475429555,1,0.7164333411875569,697905.8636654854,1.05649
0.0005754,3,0.02203103151238038,2.2662038747174607,1,2.27220341484458,220563.58407001573,0.455707
0.0005768399999999999,8,0.02201684649493447,0.5828221617432728,-1,0.5185694845411404,854931.759346969,1.24739
0.0005768399999999999,19,0.02201684649493447,0.35113984413791743,-1,0.33710305137530205,1419744.6731179864,0.639898
0.00057756,18,0.021978479916155518,0.20252489319770287,1,0.21162230252409028,2454565.9836427723,0.673174
0.00057924,8,0.02194441716749622,0.5825174657268972,-1,0.5824488765701451,854931.759346969,1.24739
0.0005793599999999999,18,0.021959962930770762,0.2024828437497418,1,0.20753590236004557,2454565.9836427723,0.673174
0.0005796,10,0.02200088124814283,0.8261429727539352,-1,0.7992643014712859,604094.5528794167,0.921681
0.0005799599999999999,11,0.021963586798696064,1.0129268913163907,1,1.0279152407975911,492960.52372126037,0.752216
0.00058152,14,0.021953125911953413,0.43424029531704295,-1,0.3911145156966965,1147181.0320499437,0.878186
0.0005816399999999999,4,0.021942770153421234,1.214370754212873,1,1.2591536070483433,411160.5417451298,0.909136
0.0005816399999999999,6,0.021942770153421234,1.4055536129495645,-1,1.4049734138427226,355373.6042701692,0.7578
0.0005819999999999999,0,0.021963611883945265,2.05554846363769,1,2.0706065528867317,243156.3641315184,0.412252
0.0005819999999999999,11,0.021963611883945265,1.0129269549782378,1,1.0376791291977718,492960.52372126037,0.752216
0.0005826,17,0.02198163985679742,0.12715824366146977,-1,0.12667259924167706,3897146.5093258717,0.656386
0.0005827199999999999,18,0.021971575348702796,0.20250921597595356,-1,0.19880904014939546,2454565.9836427723,0.673174
0.0005838,9,0.021947161382512476,0.7144699967833154,1,0.7521880102046233,697905.8636654854,1.05649
0.0005841599999999999,16,0.021972188490397993,0.0570633123509319,-1,0.05349708938261241,8614258.665513504,0.553724
0.0005844,15,0.021963508856524018,0.6160067807062627,1,0.7212698962664131,809919.8989219966,0.74383
0.0005845199999999999,3,0.02196893764989864,2.2661084868148866,1,2.2863133030970877,220563.58407001573,0.455707
0.0005847599999999999,3,0.022008826075209983,2.266169778430262,1,2.2921685113849852,220563.58407001573,0.455707
0.00058656,6,0.021944447294478482,1.405557902780441,-1,1.3837399874843486,355373.6042701692,0.7578
0.0005872799999999999,3,0.021907364074871545,2.266013764964899,1,2.3285613353931995,220563.58407001573,0.455707
0.00058824,12,0.021912667189506522,0.21397885916973136,-1,0.20868407449704257,2314214.833191395,1.054
0.0005886,16,0.021897188159251745,0.056923108172288225,1,0.10733897471002184,8614258.665513504,0.553724
0.0005887199999999999,4,0.021894687855644933,1.2142231235889889,-1,1.1906184947956784,411160.5417451298,0.909136
0.00058884,8,0.021889231826562716,0.5822849741284177,1,0.5899430845115453,854931.759346969,1.24739
0.0005895599999999999,2,0.021856684622818288,2.1608768579152975,-1,2.149400475819383,231278.0424626486,0.473691
0.00059052,9,0.02189813956456468,0.7142951013999214,-1,0.7055079605876474,697905.8636654854,1.05649
0.00059136,13,0.02188557516387883,0.32984523632120144,-1,0.32260969849657645,1506745.7005011437,0.967756
0.0005916,11,0.02188417321733814,1.0127251713797425,-1,0.9934306742904082,492960.52372126037,0.752216
0.0005925599999999999,4,0.021922933819081378,1.2143098688727418,-1,1.2099997231052446,411160.5417451298,0.909136
0.0005928,12,0.0219318253610358,0.21404704939995903,1,0.23002705959584713,2314214.833191395,1.054
0.0005929199999999999,3,0.021915754023457485,2.26602667948777,1,2.2799469115139197,220563.58407001573,0.455707
0.00059364,9,0.021896550613590388,0.7142894292178685,-1,0.6980694445333943,697905.8636654854,1.05649
0.00059388,6,0.021875983490736182,1.4053826510001273,-1,1.4019635001181685,355373.6042701692,0.7578
0.00059448,14,0.021912435907866984,0.4341196536183527,-1,0.4128760969316526,1147181.0320499437,0.878186
0.00059496,8,0.02192488877137394,0.5824352275516754,-1,0.5154959158093735,854931.759346969,1.24739
0.00059592,11,0.021932731800796496,1.0128485593430636,-1,1.007090766605807,492960.52372126037,0.752216
0.00059616,17,0.021914146081865794,0.12700872453736553,-1,0.09259209812811632,3897146.5093258717,0.656386
0.0005964,11,0.021914044382400362,1.0128010905647813,-1,1.0026873328286325,492960.52372126037,0.752216
0.0005968799999999999,3,0.021872891653333344,2.2659606761072624,1,2.2823818390980124,220563.58407001573,0.455707
0.00059748,13,0.021896899026588902,0.3298822698693672,-1,0.31820468659542844,1506745.7005011437,0.967756
0.00059784,8,0.021884806077610237,0.5822663161008146,-1,0.5784397625750854,854931.759346969,1.24739
0.00059832,1,0.021895759725897992,2.1074449306071714,1,2.159153073239247,237147.77626530197,0.466047
0.00059892,9,0.021892685655669732,0.7142756313660082,1,0.7288919312779613,697905.8636654854,1.05649
0.0006004799999999999,1,0.02185728649588198,2.107384317121126,-1,2.026305586470321,237147.77626530197,0.466047
0.0006013199999999999,11,0.02189055635264767,1.0127413988149943,-1,0.9989201445829266,492960.52372126037,0.752216
0.0006016799999999999,7,0.02185250658916115,1.5626564073923912,1,1.5784553191242745,319680.8306586704,0.645607
0.0006027599999999999,7,0.021857829702900983,1.5626680306243683,1,1.571791500867479,319680.8306586704,0.645607
0.0006029999999999999,10,0.02187998722445007,0.8257668468242472,1,0.8600335939364534,604094.5528794167,0.921681
0.0006033599999999999,5,0.021871231016272422,1.3153197484863755,1,1.4251682585193626,379627.66118990496,0.833947
0.0006033599999999999,6,0.021871231016272422,1.4053704755733583,1,1.4487315307645252,355373.6042701692,0.7578
0.00060648,15,0.02188932808613095,0.6158204641965117,-1,0.6004256895319497,809919.8989219966,0.74383
0.0006066,18,0.02190280693309389,0.20235293864676307,1,0.2328341980646757,2454565.9836427723,0.673174
0.0006069599999999999,15,0.021921922886287384,0.6159023699138185,-1,0.609330680705507,809919.8989219966,0.74383
0.0006075599999999999,3,0.0219345553197504,2.2660556110692975,-1,2.247491758923488,220563.58407001573,0.455707
0.00060768,11,0.021936383307544036,1.0128578323426358,1,1.0140590079599119,492960.52372126037,0.752216
0.0006077999999999999,11,0.021956861516135018,1.012909822448233,-1,1.0048728687390687,492960.52372126037,0.752216
0.00060912,3,0.02197516346757866,2.2661180569222226,-1,2.2444223817185454,220563.58407001573,0.455707
0.0006096,5,0.0219802602679823,1.3156267741199767,1,1.3866213262501557,379627.66118990496,0.833947
0.00060996,11,0.021981624731624683,1.012972658961402,1,1.0206356913165358,492960.52372126037,0.752216
0.0006103199999999999,8,0.021969920178330857,0.5826248091812906,1,0.6342120902479504,854931.759346969,1.24739
0.0006115199999999999,8,0.022009047415290122,0.5827893766422669,1,0.5828011283480634,854931.759346969,1.24739
0.0006134399999999999,12,0.021953496934359638,0.21412414976278316,1,0.2232075475853566,2314214.833191395,1.054
0.0006145199999999999,11,0.02195861285772656,1.0129142676311993,1,1.0625961880928627,492960.52372126037,0.752216
0.0006145199999999999,17,0.02195861285772656,0.12710725772566975,-1,0.12400128995397816,3897146.5093258717,0.656386
0.0006147599999999999,1,0.021947246343204156,2.1075259630611716,-1,2.0740070417224694,237147.77626530197,0.466047
0.0006147599999999999,6,0.021947246343204156,1.4055650618880842,1,1.4171301608099356,355373.6042701692,0.7578
0.0006153599999999999,10,0.021961134727614132,0.8260194275196396,-1,0.7596344357465312,604094.5528794167,0.921681
0.0006164399999999999,0,0.021965846501189105,2.05555157158033,1,2.119403410967893,243156.3641315184,0.412252
0.0006164399999999999,8,0.021965846501189105,0.5826076670521619,-1,0.5758936894660079,854931.759346969,1.24739
0.00061728,14,0.021975385700307135,0.43430624600220685,1,0.446263264990802,1147181.0320499437,0.878186
0.00061752,8,0.02198097660380249,0.5826713268708494,-1,0.5787555707491963,854931.759346969,1.24739
0.0006186,14,0.021969264179959175,0.43428811266216555,1,0.4381539076177925,1147181.0320499437,0.878186
0.00061884,8,0.021944958088844824,0.5825197431393077,1,0.6285856862937115,854931.759346969,1.24739
0.00061896,11,0.02194192703158192,1.0128719091518787,1,1.034443188303131,492960.52372126037,0.752216
0.0006195599999999999,14,0.02191169659372157,0.43411746059193557,-1,0.41950601116998076,1147181.0320499437,0.878186
0.0006201599999999999,7,0.021894589284169826,1.5627482580380752,1,1.5739902286662257,319680.8306586704,0.645607
0.0006201599999999999,9,0.021894589284169826,0.7142824274483487,-1,0.7070789063053913,697905.8636654854,1.05649
0.0006201599999999999,10,0.021894589284169826,0.8258123318857931,1,0.935385023215872,604094.5528794167,0.921681
0.00062064,4,0.021917559596742107,1.2142933685753616,-1,1.2008405330918106,411160.5417451298,0.909136
0.0006218399999999999,10,0.021847952967920758,0.8256670076903144,1,0.8329423175290235,604094.5528794167,0.921681
0.0006221999999999999,8,0.021837777100854418,0.5820679351596395,-1,0.5749796423221574,854931.759346969,1.24739
0.00062232,18,0.021832896795112463,0.2021938150544902,-1,0.1857374635030291,2454565.9836427723,0.673174
0.00062316,9,0.021868387365714285,0.7141888588602959,1,0.7281848810820362,697905.8636654854,1.05649
0.00062424,13,0.021850248707588293,0.32972964311008685,1,0.3573578065794178,1506745.7005011437,0.967756
0.00062484,4,0.021823884006256438,1.2140054338863242,1,1.2266396786055795,411160.5417451298,0.909136
0.00062616,10,0.021789295921919798,0.8254840050980509,1,0.854659023781347,604094.5528794167,0.921681
0.0006262799999999999,11,0.021795058538398644,1.0124983732096715,1,1.0593685753444095,492960.52372126037,0.752216
0.00062652,3,0.021810582539873283,2.2658646114143113,1,2.284683401276067,220563.58407001573,0.455707
0.0006279599999999999,14,0.0218386966495033,0.4339007384868831,1,0.4511412789000312,1147181.0320499437,0.878186
0.00062844,13,0.02181694639034013,0.32962058757529916,-1,0.30116178155886913,1506745.7005011437,0.967756
0.0006285599999999999,7,0.021821255603505292,1.5625881410432467,-1,1.5603384394483433,319680.8306586704,0.645607
0.0006291599999999999,8,0.02179501867519104,0.5818873830787369,-1,0.5813043355759531,854931.759346969,1.24739
0.0006302399999999999,12,0.021785585984843453,0.21352577868448083,1,0.21797503188808492,2314214.833191395,1.054
0.0006328799999999999,5,0.021747272421271238,1.31496975081405,-1,1.2852747164513636,379627.66118990496,0.833947
0.0006331199999999999,10,0.02174993664719816,0.8253610709931348,1,0.834215322722768,604094.5528794167,0.921681
0.0006331199999999999,17,0.02174993664719816,0.12664398653536288,1,0.1534117064473334,3897146.5093258717,0.656386
0.00063384,1,0.02177726882978121,2.107258080458544,-1,2.1061238978727714,237147.77626530197,0.466047
0.0006345599999999999,15,0.021789144768753037,0.6155683364375276,-1,0.5821389268526954,809919.8989219966,0.74383
0.0006347999999999999,14,0.021779267836100857,0.4337240387210752,1,0.43649998609624097,1147181.0320499437,0.878186
0.0006361199999999999,9,0.02179699029560369,0.7139336108779459,-1,0.6667781884829745,697905.8636654854,1.05649
0.0006362399999999999,10,0.021796133404474085,0.8255053498545848,-1,0.7968480970371125,604094.5528794167,0.921681
0.0006372,12,0.02177425726089943,0.2134853244994311,1,0.24644194556893734,2314214.833191395,1.054
0.0006377999999999999,6,0.02180102655711929,1.4051904635058485,-1,1.3414120443480635,355373.6042701692,0.7578
0.0006387599999999999,15,0.02180740965882414,0.6156143461671555,-1,0.5962092484078295,809919.8989219966,0.74383
0.0006392399999999999,5,0.021832703150248302,1.3152110713507144,-1,1.2864713219657367,379627.66118990496,0.833947
0.0006392399999999999,12,0.021832703150248302,0.21369391848121394,-1,0.2134457711854699,2314214.833191395,1.054
0.0006395999999999999,10,0.021827973621630043,0.8256047022658588,-1,0.8223721885988808,604094.5528794167,0.921681
0.00064032,17,0.02183030312211326,0.1268226659857909,1,0.16913397838188152,3897146.5093258717,0.656386
0.0006406799999999999,11,0.02182077219320538,1.0125638623550404,1,1.0494980201693966,492960.52372126037,0.752216
0.0006408,19,0.021811499370470118,0.3506960229492452,-1,0.34483232480809095,1419744.6731179864,0.639898
0.00064104,14,0.021825712924878577,0.4338621545075658,1,0.45631773654428814,1147181.0320499437,0.878186
0.00064164,10,0.02181977325301094,0.8255791212316251,-1,0.7868498218049697,604094.5528794167,0.921681
0.0006417599999999999,14,0.02182084475108242,0.4338476847055853,-1,0.43299078690381776,1147181.0320499437,0.878186
0.0006427199999999999,15,0.02183315928893924,0.6156791774334349,1,0.6658756318046245,809919.8989219966,0.74383
0.0006431999999999999,10,0.021824799410268873,0.8255948008896906,-1,0.8142926703227511,604094.5528794167,0.921681
0.0006434399999999999,18,0.021813208345721733,0.20214895589692713,1,0.2023599010300414,2454565.9836427723,0.673174
0.00064368,12,0.02180715368652029,0.21360276657359245,1,0.23896256158965218,2314214.833191395,1.054
0.0006440399999999999,12,0.02180626146016748,0.21359958244490335,-1,0.19411610088923897,2314214.833191395,1.054
0.0006442799999999999,12,0.021806086991537358,0.21359895980316848,-1,0.2051081444885642,2314214.833191395,1.054
0.0006446399999999999,0,0.021817605036940062,2.055345051115269,1,2.1105908187877347,243156.3641315184,0.412252
0.00064536,14,0.021845837210213784,0.4339219533373977,1,0.43649858988466345,1147181.0320499437,0.878186
0.0006457199999999999,9,0.02186410377280906,0.7141735565686276,1,0.7331637316327506,697905.8636654854,1.05649
0.00064584,12,0.021872679121802092,0.21383643238096273,1,0.22305727351436075,2314214.833191395,1.054
0.00064668,0,0.021881607163914518,2.055434300553896,1,2.0595344630226435,243156.3641315184,0.412252
0.00064728,1,0.021873943556638572,2.1074105663923324,1,2.15536038214055,237147.77626530197,0.466047
0.00064788,10,0.021847397223179937,0.8256652749902706,-1,0.8058422529962028,604094.5528794167,0.921681
0.00064836,10,0.021852797820978546,0.8256821120318814,-1,0.7965341795188551,604094.5528794167,0.921681
0.0006484799999999999,4,0.02184746382335678,1.214077970287979,1,1.223688277066311,411160.5417451298,0.909136
0.0006485999999999999,16,0.02184880234642052,0.05683252921226692,-1,0.011351803946338175,8614258.665513504,0.553724
0.00064896,11,0.02184115105452175,1.0126157371106541,-1,1.000459589834183,492960.52372126037,0.752216
0.00064896,12,0.02184115105452175,0.21372404603282757,1,0.22024407469853777,2314214.833191395,1.054
0.0006490799999999999,3,0.021835999806259457,2.2659038148780115,-1,2.264225996097492,220563.58407001573,0.455707
0.0006492,1,0.02183336042013786,2.1073465953591093,-1,2.0986359124892995,237147.77626530197,0.466047
0.0006492,8,0.02183336042013786,0.5820492934382144,1,0.6208659808328683,854931.759346969,1.24739
0.00065016,11,0.02180536448247109,1.012524625669459,-1,1.00908548046897,492960.52372126037,0.752216
0.00065064,10,0.02180217607031874,0.8255242106234032,-1,0.7825782548492386,604094.5528794167,0.921681
0.000651,16,0.02180748079095652,0.056755095214638326,1,0.06604491173824414,8614258.665513504,0.553724
0.0006521999999999999,4,0.021797922924162532,1.2139255268834508,1,1.2144421126918918,411160.5417451298,0.909136
0.00065268,11,0.021817921261444474,1.0125566033262,-1,0.9987278293250613,492960.52372126037,0.752216
0.0006533999999999999,2,0.021823060577883,2.1608229701620436,-1,2.1532886900440906,231278.0424626486,0.473691
0.00065352,8,0.021842105564915594,0.5820862027113431,1,0.6084489044988167,854931.759346969,1.24739
0.0006538799999999999,16,0.021849365673736014,0.05683358434609044,1,0.10494809004081594,8614258.665513504,0.553724
0.0006552,15,0.021861989425038673,0.6157517193119568,1,0.6332161326494653,809919.8989219966,0.74383
0.00065568,18,0.02186899312954395,0.20227600626284514,1,0.20835485915442004,2454565.9836427723,0.673174
0.0006557999999999999,18,0.02185862758074435,0.20225241089697,-1,0.19266674857073082,2454565.9836427723,0.673174
0.0006563999999999999,3,0.0218458363876717,2.2659189806475615,-1,2.2544487152192128,220563.58407001573,0.455707
0.00065652,5,0.021855426518847344,1.315275179679352,1,1.353674861064941,379627.66118990496,0.833947
0.0006567599999999999,13,0.02182793939748012,0.3296565957168824,-1,0.3178549732963629,1506745.7005011437,0.967756
0.0006567599999999999,16,0.02182793939748012,0.056793442518088225,-1,0.05286778727570204,8614258.665513504,0.553724
0.00065796,3,0.021814745025722056,2.26587103317507,1,2.280549282984151,220563.58407001573,0.455707
0.0006580799999999999,17,0.021802546744957064,0.12676099224036125,1,0.15851853293442564,3897146.5093258717,0.656386
0.0006584399999999999,10,0.021823920545875123,0.8255920593044663,1,0.8498160132156642,604094.5528794167,0.921681
0.00065904,16,0.021824385659383064,0.05678678273509844,-1,0.03874740436538466,8614258.665513504,0.553724
0.0006594,11,0.021810728852375793,1.0125382879407685,-1,0.9941525323235127,492960.52372126037,0.752216
0.0006595199999999999,11,0.021807803491791126,1.0125308376804003,-1,0.9973032341239865,492960.52372126037,0.752216
0.0006601199999999999,11,0.02181648740957037,1.012552952280156,-1,0.9998740721217086,492960.52372126037,0.752216
0.0006603599999999999,2,0.0218220396000371,2.1608213332373256,1,2.166415734057239,231278.0424626486,0.473691
0.0006620399999999999,10,0.021858267060877082,0.825699160953643,1,0.8509413099642085,604094.5528794167,0.921681
0.00066252,3,0.021833400449533597,2.2658998066910323,-1,2.2474934229183137,220563.58407001573,0.455707
0.00066252,6,0.021833400449533597,1.4052735097342473,-1,1.3253545321044462,355373.6042701692,0.7578
0.0006628799999999999,5,0.02185506271662469,1.3152741535645152,1,1.3199873417562091,379627.66118990496,0.833947
0.0006632399999999999,17,0.02184026759999196,0.12684479715853025,-1,0.0781004119984631,3897146.5093258717,0.656386
0.0006636,17,0.021851977474410252,0.12687079841724425,1,0.1734773383193119,3897146.5093258717,0.656386
0.0006647999999999999,2,0.02188608219741825,2.1609239381410164,-1,2.1477561565145207,231278.0424626486,0.473691
0.00066504,0,0.021868121417740524,2.055415505867729,-1,2.021045777090901,243156.3641315184,0.412252
0.00066588,12,0.021913123124992735,0.21398048234019054,-1,0.1830135614563731,2314214.833191395,1.054
0.00066636,7,0.02191769271456832,1.5627986465785964,-1,1.4701155878928822,319680.8306586704,0.645607
0.0006665999999999999,14,0.0219202004443832,0.4341426833169277,-1,0.4028386422588101,1147181.0320499437,0.878186
0.00066672,0,0.02192377688586542,2.0554930339096433,-1,2.054150222700766,243156.3641315184,0.412252
0.00066696,1,0.021932095434459956,2.1075021276111685,-1,2.09871604404558,237147.77626530197,0.466047
0.0006674399999999999,12,0.021940831649797675,0.2140790954505663,1,0.24159089575937212,2314214.833191395,1.054
0.00066756,11,0.02194310597578834,1.012874902537078,1,1.0198268973881444,492960.52372126037,0.752216
0.0006676799999999999,8,0.02193370083012453,0.582472341513409,1,0.5879917542404115,854931.759346969,1.24739
0.0006682799999999999,11,0.02193331542410275,1.0128500415059856,-1,0.97439028150941,492960.52372126037,0.752216
0.00066864,10,0.021938612405208748,0.8259493711201846,-1,0.8139445317116559,604094.5528794167,0.921681
0.0006689999999999999,5,0.021931620361597036,1.315489898773574,-1,1.2844257901238159,379627.66118990496,0.833947
0.0006691199999999999,1,0.021936380144638463,2.107508869163329,-1,2.1063054648061863,237147.77626530197,0.466047
0.0006691199999999999,15,0.021936380144638463,0.6159386792850485,1,0.6243840931279576,809919.8989219966,0.74383
0.0006693599999999999,9,0.021918700260882322,0.7143684797086073,1,0.7310240355902262,697905.8636654854,1.05649
0.00066948,8,0.021926404610746967,0.5824416123802305,1,0.5925775035008283,854931.759346969,1.24739
0.00066948,17,0.021926404610746967,0.1270358979804311,-1,0.0916196298899474,3897146.5093258717,0.656386
0.00067032,16,0.021961522074104477,0.05704338736882352,1,0.07820010853496755,8614258.665513504,0.553724
0.0006704399999999999,19,0.02193063701525212,0.35095377087135765,1,0.35239577654624427,1419744.6731179864,0.639898
0.0006712799999999999,9,0.021920984225947043,0.7143766287427941,1,0.7247868593957627,697905.8636654854,1.05649
0.00067176,14,0.02194196880184383,0.43420722676044343,1,0.4547858156592023,1147181.0320499437,0.878186
0.0006726,2,0.021954541716422818,2.1610334536808513,-1,2.1535307835659085,231278.0424626486,0.473691
0.0006726,12,0.021954541716422818,0.21412786579355952,-1,0.19195310734544663,2314214.833191395,1.054
0.0006730799999999999,4,0.021963007716675437,1.2144328427246596,1,1.2227487841733113,411160.5417451298,0.909136
0.0006732,16,0.02197441916960687,0.05706747867253885,1,0.07284357815674591,8614258.665513504,0.553724
0.00067368,13,0.02199719248712008,0.3302098524065592,-1,0.3143848445238985,1506745.7005011437,0.967756
0.0006769199999999999,10,0.022056838346470306,0.8263167167889143,-1,0.8041253637715632,604094.5528794167,0.921681
0.00067872,11,0.022111067953815487,1.0133005458429603,1,1.0377860214988794,492960.52372126037,0.752216
0.0006789599999999999,6,0.022098406984041592,1.40595100868309,-1,1.3980564312913155,355373.6042701692,0.7578
0.0006791999999999999,6,0.022087916164593508,1.4059242659932976,1,1.423512205426221,355373.6042701692,0.7578
0.0006811199999999999,9,0.022003285804108607,0.7146699925074013,-1,0.6902178822658478,697905.8636654854,1.05649
0.0006821999999999999,0,0.022033508872020033,2.0556456027754497,1,2.068971021578977,243156.3641315184,0.412252
0.0006823199999999999,11,0.022033567453220857,1.013104348429826,1,1.030121579542957,492960.52372126037,0.752216
0.0006827999999999999,13,0.02202666401111327,0.330305971452428,1,0.3622019068056901,1506745.7005011437,0.967756
0.0006837599999999999,5,0.022036105724064683,1.315783739649796,1,1.319082135007071,379627.66118990496,0.833947
0.0006848399999999999,15,0.022036208978372954,0.6161890733039326,1,0.6282613927466505,809919.8989219966,0.74383
0.00068496,12,0.02203654586104793,0.2144192588877399,1,0.26385501236606834,2314214.833191395,1.054
0.0006859199999999999,9,0.022058239888820396,0.7148655708180937,1,0.717214850244302,697905.8636654854,1.05649
0.0006861599999999999,6,0.022073243800724788,1.4058868532579583,1,1.4351589854082125,355373.6042701692,0.7578
0.00068724,14,0.022059419435170504,0.43455491825907316,1,0.4464524046330606,1147181.0320499437,0.878186
0.0006873599999999999,3,0.022057215030053794,2.266244057249528,-1,2.246906030234894,220563.58407001573,0.455707
0.00068772,15,0.022061181152738803,0.6162516206122846,-1,0.5633825612303967,809919.8989219966,0.74383
0.00068808,16,0.022067605342448025,0.057241337373832156,1,0.07297295419942743,8614258.665513504,0.553724
0.0006886799999999999,8,0.02209368701259055,0.5831448673802685,1,0.6076913967101372,854931.759346969,1.24739
0.0006913199999999999,3,0.022066058796651036,2.266257623946109,-1,2.2560540275386236,220563.58407001573,0.455707
0.00069228,15,0.022056714430826282,0.6162404355034594,1,0.686300796012428,809919.8989219966,0.74383
0.0006932399999999999,3,0.022070933553622673,2.266265100858705,-1,2.265222229375473,220563.58407001573,0.455707
0.0006944399999999999,2,0.02202266214746514,2.161142257426546,1,2.1703293765127993,231278.0424626486,0.473691
0.0006959999999999999,11,0.022020804834531366,1.0130720059840468,1,1.0332647089406146,492960.52372126037,0.752216
0.0006968399999999999,19,0.02202166887202208,0.3511502419170504,-1,0.3036703437789572,1419744.6731179864,0.639898
0.0006971999999999999,17,0.022035976732880568,0.12727844956556478,-1,0.10184084867311041,3897146.5093258717,0.656386
0.0006977999999999999,1,0.022064470861894152,2.107710103598191,1,2.127586835989765,237147.77626530197,0.466047
0.0006988799999999999,8,0.02208914307749468,0.583125799930327,-1,0.5818604443800611,854931.759346969,1.24739
0.000699,12,0.022090939223998903,0.21461224098314105,1,0.2163155902811378,2314214.833191395,1.054
0.00069924,15,0.02209238442715289,0.6163297251020861,-1,0.6035814024515331,809919.8989219966,0.74383
0.00069984,6,0.022058820828568075,1.4058500643199416,1,1.4497879472334467,355373.6042701692,0.7578
0.0007005599999999999,0,0.022125040175577506,2.055772575446781,1,2.0773869111943855,243156.3641315184,0.412252
0.0007005599999999999,8,0.022125040175577506,0.5832763794246235,-1,0.5801952893774971,854931.759346969,1.24739
0.0007007999999999999,14,0.022131321794523658,0.4347673156381369,-1,0.42927390804123566,1147181.0320499437,0.878186
0.0007013999999999999,11,0.02209288430087326,1.0132545436896125,-1,1.0117181787975917,492960.52372126037,0.752216
0.0007013999999999999,15,0.02209288430087326,0.6163309758801254,-1,0.6086356003312243,809919.8989219966,0.74383
0.0007024799999999999,10,0.022068292576486518,0.8263522544251196,-1,0.787545642951634,604094.5528794167,0.921681
0.0007036799999999999,2,0.02205448274376444,2.161193024455748,1,2.203838003294362,231278.0424626486,0.473691
0.0007042799999999999,3,0.02201502316640524,2.2661792957483353,-1,2.259087698519673,220563.58407001573,0.455707
0.0007045199999999999,9,0.02203568020623021,0.7147853117640691,-1,0.6965538604423162,697905.8636654854,1.05649
0.00070524,9,0.022044458069262904,0.714816545053151,-1,0.6980871311912804,697905.8636654854,1.05649
0.0007053599999999999,14,0.022053806536859323,0.43453832337292375,-1,0.42922676198754967,1147181.0320499437,0.878186
0.00070572,11,0.022025075058698572,1.0130828284343076,1,1.0917599280053347,492960.52372126037,0.752216
0.0007064399999999999,7,0.022067632389462168,1.5631250213084058,1,1.6112625038663364,319680.8306586704,0.645607
0.0007067999999999999,18,0.0220535823471063,0.20269525882452577,-1,0.2017083974370335,2454565.9836427723,0.673174
0.00070692,3,0.022068039112046946,2.2662606614576646,1,2.277660414317331,220563.58407001573,0.455707
0.0007097999999999999,13,0.022071743734684148,0.33045287108901467,-1,0.3132971095113663,1506745.7005011437,0.967756
0.0007100399999999999,10,0.022064505730219848,0.8263405064618708,-1,0.8060510329472261,604094.5528794167,0.921681
0.0007100399999999999,13,0.022064505730219848,0.3304292949865673,1,0.34826156102040245,1506745.7005011437,0.967756
0.0007118399999999999,13,0.022083636539168467,0.3304916007185888,-1,0.32194986550031757,1506745.7005011437,0.967756
0.00071196,12,0.02208519650903605,0.21459187764312587,-1,0.19023575944607396,2314214.833191395,1.054
0.00071244,4,0.022102670662096546,1.2148605487510156,1,1.222148397217241,411160.5417451298,0.909136
0.0007125599999999999,5,0.022093847320065012,1.3159458256841947,-1,1.3085009385310724,379627.66118990496,0.833947
0.0007126799999999999,11,0.02210015939561664,1.0132729509547176,1,1.0161746988339828,492960.52372126037,0.752216
0.0007137599999999999,15,0.022094751831385016,0.6163356486674377,-1,0.6123580969491195,809919.8989219966,0.74383
0.0007139999999999999,19,0.022082982349227388,0.3512823439832236,1,0.4094130108411465,1419744.6731179864,0.639898
0.0007142399999999999,16,0.022082669294770967,0.05726940790196468,1,0.065556564627538,8614258.665513504,0.553724
0.0007149599999999999,9,0.02210792657340315,0.71504219315548,1,0.7333389551239012,697905.8636654854,1.05649
0.0007151999999999999,7,0.022126450029903804,1.5632527471774835,-1,1.5466712964842397,319680.8306586704,0.645607
0.0007154399999999999,9,0.02215758341624122,0.7152185112277364,-1,0.6861723366615833,697905.8636654854,1.05649
0.0007160399999999999,2,0.022151119641917596,2.1613469762376414,1,2.191535114434207,231278.0424626486,0.473691
0.00071676,6,0.02217927798619189,1.4061569484211942,-1,1.3610434457920932,355373.6042701692,0.7578
0.00071808,7,0.02212915996764035,1.5632586278687532,1,1.571239914760286,319680.8306586704,0.645607
0.0007181999999999999,11,0.0221369449090279,1.0133659783975053,-1,1.0115912080644454,492960.52372126037,0.752216
0.0007185599999999999,16,0.02210549003211778,0.05731191437598583,-1,0.05441178853418831,8614258.665513504,0.553724
0.0007191599999999999,11,0.022132614876316032,1.0133550321277844,-1,0.9938103630024514,492960.52372126037,0.752216
0.0007191599999999999,15,0.022132614876316032,0.6164303440336418,-1,0.5826792439246005,809919.8989219966,0.74383
0.0007193999999999999,11,0.022112740474400424,1.0133047761410454,1,1.0417537161213386,492960.52372126037,0.752216
0.00071952,7,0.02209250856143019,1.5631790620841912,1,1.572896777268711,319680.8306586704,0.645607
0.00071952,14,0.02209250856143019,0.4346527054577592,1,0.4698644969485689,1147181.0320499437,0.878186
0.0007202399999999999,19,0.022118434157159014,0.35135864249798593,-1,0.2866167163854122,1419744.6731179864,0.639898
0.0007204799999999999,3,0.02213345918711855,2.266360929691118,1,2.2703567563848877,220563.58407001573,0.455707
0.0007204799999999999,7,0.02213345918711855,1.5632679566368164,-1,1.5570695237827852,319680.8306586704,0.645607
0.0007207199999999999,11,0.022112148385876898,1.0133032785927498,-1,1.008418104714155,492960.52372126037,0.752216
0.00072096,3,0.022129724398490393,2.266355209435891,1,2.266927529289643,220563.58407001573,0.455707
0.00072144,9,0.022148823689512067,0.7151874221609279,1,0.7162638511319607,697905.8636654854,1.05649
0.00072228,7,0.022116067487931768,1.5632302132436156,1,1.5922057022213254,319680.8306586704,0.645607
0.0007225199999999999,12,0.022120471403056147,0.21471691862832878,1,0.27850871708322583,2314214.833191395,1.054
0.0007238399999999999,16,0.022147787709834083,0.05739064110388732,-1,0.0358277999507702,8614258.665513504,0.553724
0.0007240799999999999,2,0.022152716557018417,2.1613495174519786,1,2.163659727628209,231278.0424626486,0.473691
0.0007249199999999999,13,0.022144955382128507,0.3306911239059249,1,0.38721168914897913,1506745.7005011437,0.967756
0.0007250399999999999,3,0.02213963043356307,2.2663703806022117,-1,2.265120812894537,220563.58407001573,0.455707
0.0007258799999999999,10,0.02209757131923766,0.826443052098425,1,0.8368466920282182,604094.5528794167,0.921681
0.00072876,12,0.022083278611962062,0.21458507629966556,1,0.2178761386939184,2314214.833191395,1.054
0.00072936,12,0.02207557566456022,0.21455775674292604,1,0.22227547291329738,2314214.833191395,1.054
0.0007297199999999999,11,0.022081547173863993,1.013225852728277,-1,1.003455645509017,492960.52372126037,0.752216
0.0007311599999999999,13,0.022059946103405743,0.3304144410859878,1,0.339533746206143,1506745.7005011437,0.967756
0.0007313999999999999,9,0.022058364223153968,0.7148660130401769,1,0.7191771442102526,697905.8636654854,1.05649
0.0007315199999999999,12,0.022064810767504665,0.21451956957668414,-1,0.21403245946204352,2314214.833191395,1.054
0.0007319999999999999,19,0.022047899610939573,0.35120677945600226,-1,0.33228930826407044,1419744.6731179864,0.639898
0.00073248,14,0.02208791494081313,0.4346391344624889,-1,0.4319468796646572,1147181.0320499437,0.878186
0.0007325999999999999,19,0.02209257435946956,0.35130299371313656,1,0.3792892727896689,1419744.6731179864,0.639898
0.00073332,1,0.02207442420576088,2.10772571611796,1,2.1351848565472533,237147.77626530197,0.466047
0.0007340399999999999,8,0.02207487259867008,0.5830659047973136,-1,0.5357304598260305,854931.759346969,1.24739
0.0007355999999999999,6,0.022099719612719358,1.405954354325808,-1,1.3689798215528697,355373.6042701692,0.7578
0.0007367999999999999,1,0.022072047004164617,2.1077219876300863,-1,2.0907765169924524,237147.77626530197,0.466047
0.00073836,8,0.022082188163738446,0.5830966116326733,-1,0.5778432430672845,854931.759346969,1.24739
0.00073896,4,0.022084159759379923,1.2148039385052494,1,1.2276517618632083,411160.5417451298,0.909136
0.0007393199999999999,1,0.02210657799853475,2.1077761275662357,1,2.1079892207184625,237147.77626530197,0.466047
0.0007405199999999999,15,0.022149082572001773,0.6164715044162051,1,0.6394075013897784,809919.8989219966,0.74383
0.00074064,17,0.022152117259941567,0.1275348837060233,1,0.13933441567550173,3897146.5093258717,0.656386
0.0007413599999999999,7,0.022114816345591527,1.5632274974476088,1,1.5901818114720736,319680.8306586704,0.645607
0.00074172,17,0.022145662213069947,0.12752064886128747,-1,0.04994513210010937,3897146.5093258717,0.656386
0.0007424399999999999,12,0.022196492836553058,0.2149860577469555,-1,0.19905849138368792,2314214.833191395,1.054
0.00074256,19,0.022208658611217437,0.3515525459846518,1,0.3721679726663063,1419744.6731179864,0.639898
0.0007426799999999999,12,0.022214716599414455,0.2150505069241923,-1,0.18458186020892747,2314214.833191395,1.054
0.0007426799999999999,16,0.022214716599414455,0.057515059347335355,-1,-0.025468058258863745,8614258.665513504,0.553724
0.00074364,5,0.022203300331632415,1.3162524902650148,1,1.3179996718320361,379627.66118990496,0.833947
0.00074364,8,0.022203300331632415,0.5836042386454735,-1,0.5544055406278803,854931.759346969,1.24739
0.0007437599999999999,4,0.022215741529578246,1.2152058298765835,-1,1.209093374166002,411160.5417451298,0.909136
0.0007441199999999999,5,0.022202499874738605,1.3162502502983673,1,1.3415604739404348,379627.66118990496,0.833947
0.00074484,19,0.022229282376614656,0.3515968136647129,1,0.38875025064481356,1419744.6731179864,0.639898
0.00074568,10,0.022257204725933795,0.8269370441108596,1,0.8472811247649445,604094.5528794167,0.921681
0.0007463999999999999,4,0.022330779811137024,1.2155562182664759,1,1.231559865184453,411160.5417451298,0.909136
0.00074652,15,0.022342109475014364,0.6169528317620013,1,0.6256499120984754,809919.8989219966,0.74383
0.00074676,17,0.02231776803956584,0.12789947437076235,1,0.1517331681402879,3897146.5093258717,0.656386
0.0007468799999999999,0,0.02230451394296096,2.0560207822385985,-1,2.054425895359364,243156.3641315184,0.412252
0.0007474799999999999,13,0.0222938305571089,0.3311743970661496,1,0.33224217257763833,1506745.7005011437,0.967756
0.0007476,6,0.022287844926550497,1.4064328270189985,1,1.4277425955880805,355373.6042701692,0.7578
0.0007477199999999999,18,0.022305033024855987,0.20326355914410743,-1,0.20187001525322398,2454565.9836427723,0.673174
0.0007482,0,0.022283300256791004,2.0559914965234345,-1,2.05568549377426,243156.3641315184,0.412252
0.0007485599999999999,11,0.022255108334695677,1.0136642819396837,-1,1.0007769693377104,492960.52372126037,0.752216
0.0007493999999999999,8,0.022240126232874448,0.5837583153262375,1,0.6440018726598955,854931.759346969,1.24739
0.00075072,15,0.022210822224521167,0.6166256842864167,1,0.6253658357594836,809919.8989219966,0.74383
0.00075216,10,0.02217470182454332,0.8266819575542295,-1,0.81946193280108,604094.5528794167,0.921681
0.00075324,7,0.022161275189397728,1.5633282919979579,1,1.5675795356719988,319680.8306586704,0.645607
0.00075324,10,0.022161275189397728,0.8266403995495244,1,0.8389898772339754,604094.5528794167,0.921681
0.0007537199999999999,19,0.022153844809815724,0.35143479142388023,1,0.3533651489687086,1419744.6731179864,0.639898
0.00075516,8,0.022200867111366752,0.5835940537442943,1,0.6050258574142166,854931.759346969,1.24739
0.0007556399999999999,8,0.02220878485741778,0.5836271935643164,1,0.5904917208581288,854931.759346969,1.24739
0.0007558799999999999,4,0.022215609759052818,1.2152054280049296,1,1.2154596416561865,411160.5417451298,0.909136
0.0007558799999999999,18,0.022215609759052818,0.20306182362571765,-1,0.19861573469690147,2454565.9836427723,0.673174
0.0007559999999999999,19,0.02221870818895303,0.3515741193692001,-1,0.3508548661670021,1419744.6731179864,0.639898
0.00075636,17,0.022250800639724073,0.12775224531475038,1,0.13992889557756938,3897146.5093258717,0.656386
0.0007573199999999999,12,0.022255650586422603,0.21519517554752776,1,0.22587888427910785,2314214.833191395,1.054
0.0007575599999999999,17,0.022244738510200278,0.127738906682866,1,0.1400162124598878,3897146.5093258717,0.656386
0.0007585199999999999,4,0.0222823374335848,1.2154087807228227,1,1.2269185026345026,411160.5417451298,0.909136
0.0007586399999999999,10,0.02227551949559699,0.8269936064648734,-1,0.8232406840239249,604094.5528794167,0.921681
0.0007595999999999999,15,0.02230422624605329,0.616858531519405,-1,0.6054107241926613,809919.8989219966,0.74383
0.0007598399999999999,14,0.02228346742422249,0.4352156146977103,-1,0.4242585974087142,1147181.0320499437,0.878186
0.00076116,2,0.02225607497348314,2.1615138001395127,1,2.1620150149136603,231278.0424626486,0.473691
0.00076164,6,0.022286844831285495,1.4064302887548852,1,1.4308621271891901,355373.6042701692,0.7578
0.00076164,14,0.022286844831285495,0.43522554887898846,1,0.47876522100525803,1147181.0320499437,0.878186
0.00076224,10,0.022320387138825386,0.8271320751126242,1,0.8386489858434587,604094.5528794167,0.921681
0.0007635599999999999,3,0.02238440230828898,2.2667441782894953,1,2.271166441016301,220563.58407001573,0.455707
0.0007642799999999999,15,0.02237634109953073,0.6170379735684314,1,0.6267989973015874,809919.8989219966,0.74383
0.0007659599999999999,19,0.022341801237117872,0.3518379678645841,1,0.3722720487376654,1419744.6731179864,0.639898
0.0007679999999999999,16,0.022377973703521254,0.05781776416203694,1,0.07656506668089252,8614258.665513504,0.553724
0.0007684799999999999,9,0.022360358727894155,0.7159364692562729,-1,0.7104041999451335,697905.8636654854,1.05649
0.0007691999999999999,6,0.02237202449693724,1.4066462728990758,1,1.4072407590283895,355373.6042701692,0.7578
0.0007699199999999999,10,0.022362135023120497,0.8272607907512501,1,0.8333323631665588,604094.5528794167,0.921681
0.00077064,10,0.02237199960897946,0.8272911873490147,-1,0.7889307264127027,604094.5528794167,0.921681
0.0007708799999999999,12,0.022355575381830833,0.21554777129812958,-1,0.19790885666735258,2314214.833191395,1.054
0.0007717199999999999,12,0.022308538918885644,0.2153818962865156,1,0.22930173580765664,2314214.833191395,1.054
0.00077268,8,0.02227945679747324,0.583922730516526,-1,0.5755078676686244,854931.759346969,1.24739
0.00077268,17,0.02227945679747324,0.12781527348369032,1,0.14991352440352562,3897146.5093258717,0.656386
0.00077352,7,0.02229562269926257,1.563619171938037,-1,1.5471490025699728,319680.8306586704,0.645607
0.0007736399999999999,7,0.022309608747961975,1.5636494031372836,1,1.5646868449344467,319680.8306586704,0.645607
0.00077376,15,0.022306316584562485,0.6168637369487977,1,0.6328031594648782,809919.8989219966,0.74383
0.0007750799999999999,7,0.022328959617096,1.5636912149108757,-1,1.5539203387341918,319680.8306586704,0.645607
0.0007750799999999999,13,0.022328959617096,0.33128819623128225,-1,0.31912766409932064,1506745.7005011437,0.967756
0.00077568,9,0.02233984666172382,0.7158639914476689,1,0.7253338513419058,697905.8636654854,1.05649
0.0007761599999999999,4,0.022351211309306073,1.2156183549147157,-1,1.204403658024487,411160.5417451298,0.909136
0.0007765199999999999,5,0.022356534598043758,1.316680553768595,1,1.3251118127803454,379627.66118990496,0.833947
0.0007772399999999999,6,0.0223132294503855,1.4064972344507194,-1,1.4001037679515256,355373.6042701692,0.7578
0.0007773599999999999,5,0.022301222855121722,1.316526208818549,-1,1.2529020302087737,379627.66118990496,0.833947
0.0007775999999999999,1,0.022322914857171836,2.1081143565705824,-1,2.0982289550929094,237147.77626530197,0.466047
0.00077772,9,0.022331583414291388,0.7158347844965298,1,0.7355696833418037,697905.8636654854,1.05649
0.0007780799999999999,8,0.02234884450740735,0.5842124413713431,1,0.5890411558523654,854931.759346969,1.24739
0.0007784399999999999,10,0.022379257368796788,0.8273135470304193,-1,0.7923253931972937,604094.5528794167,0.921681
0.00077856,9,0.022361456057833826,0.715940345650269,-1,0.6995410401228855,697905.8636654854,1.05649
0.0007795199999999999,14,0.022218579069156506,0.43502460808620524,1,0.4372704280010777,1147181.0320499437,0.878186
0.0007808399999999999,8,0.022161094345388405,0.5834274948885168,-1,0.5688885269553022,854931.759346969,1.24739
0.00078168,5,0.02211727286948008,1.316011522980062,-1,1.3157077143946454,379627.66118990496,0.833947
0.0007832399999999999,14,0.022127280510902878,0.4347553869689328,-1,0.41294795852670607,1147181.0320499437,0.878186
0.0007832399999999999,16,0.022127280510902878,0.057352481392080185,1,0.06784634833201283,8614258.665513504,0.553724
0.0007837199999999999,19,0.022126519092160846,0.35137603413326696,1,0.37276412169863626,1419744.6731179864,0.639898
0.0007845599999999999,14,0.022133339361305692,0.43477327048857844,1,0.4528123432064286,1147181.0320499437,0.878186
0.0007851599999999999,11,0.02209069914788673,1.0132490142776298,1,1.014764945746359,492960.52372126037,0.752216
0.0007853999999999999,14,0.022081569943840026,0.43462038703145495,1,0.4558407687138634,1147181.0320499437,0.878186
0.0007857599999999999,11,0.022109974659177994,1.0132977804917385,-1,0.9814725696091569,492960.52372126037,0.752216
0.00078588,8,0.02211497368127713,0.5832341652902824,1,0.5930147982297155,854931.759346969,1.24739
0.00078612,6,0.02212718020063259,1.4060243234126808,-1,1.388796189238362,355373.6042701692,0.7578
0.0007868399999999999,7,0.022192624062726592,1.563396245101109,-1,1.521442530307459,319680.8306586704,0.645607
0.0007868399999999999,8,0.022192624062726592,0.5835595460871279,1,0.5848709080925654,854931.759346969,1.24739
0.00078756,8,0.022150784473080852,0.583384295214728,1,0.6003716603753865,854931.759346969,1.24739
0.0007878,19,0.022150596543413135,0.35142780871778173,-1,0.30710842197146804,1419744.6731179864,0.639898
0.0007879199999999999,8,0.022143221156944014,0.5833525975667989,-1,0.57047749546722,854931.759346969,1.24739
0.0007881599999999999,8,0.02214891577524252,0.5833764640573865,1,0.5901972466533468,854931.759346969,1.24739
0.00078864,0,0.022160345377048075,2.055821480787289,-1,2.0460192250443012,243156.3641315184,0.412252
0.00078924,9,0.02216753854865206,0.7152538354384556,-1,0.6969318283221464,697905.8636654854,1.05649
0.0007904399999999999,1,0.02216672599623871,2.1078703306298454,1,2.130203246375357,237147.77626530197,0.466047
0.0007904399999999999,5,0.02216672599623871,1.316150100843408,-1,1.2982743529362974,379627.66118990496,0.833947
0.0007905599999999999,2,0.022165169153069965,2.1613693304649333,1,2.169613588955001,231278.0424626486,0.473691
0.0007912799999999999,5,0.022143498982566463,1.3160850332317788,-1,1.3008500836253447,379627.66118990496,0.833947
0.0007927199999999999,5,0.022157906763370046,1.3161253988675947,1,1.3410593223266767,379627.66118990496,0.833947
0.0007927199999999999,10,0.022157906763370046,0.8266299716512961,-1,0.8062872215004108,604094.5528794167,0.921681
0.00079284,8,0.022145512427268463,0.5833622007886018,1,0.5904902687553941,854931.759346969,1.24739
0.0007929599999999999,19,0.022144655213078186,0.35141503548378156,-1,0.3394546218935682,1419744.6731179864,0.639898
0.0007937999999999999,14,0.022139866501687207,0.43479253349106084,1,0.46335698891478333,1147181.0320499437,0.878186
0.0007937999999999999,15,0.022139866501687207,0.6164484710831827,1,0.6213915093080459,809919.8989219966,0.74383
0.0007943999999999999,17,0.022152637644117304,0.12753603118100165,-1,0.09101695157572325,3897146.5093258717,0.656386
0.00079488,4,0.022172369501545015,1.215073490127383,1,1.215641201030525,411160.5417451298,0.909136
0.0007979999999999999,14,0.022142946252058315,0.43480162151429536,-1,0.4089281139594515,1147181.0320499437,0.878186
0.00079824,10,0.022132769739148482,0.8265521279708484,1,0.8319127114192654,604094.5528794167,0.921681
0.00079824,14,0.022132769739148482,0.43477158927569026,1,0.45557381804895425,1147181.0320499437,0.878186
0.0007985999999999999,10,0.022146254200792376,0.8265938917927237,-1,0.8240384600406107,604094.5528794167,0.921681
0.0007987199999999999,5,0.02214708604399543,1.3160950841689665,1,1.3217965507531517,379627.66118990496,0.833947
0.00079932,8,0.02210263498865644,0.5831824095191301,1,0.5919045542075336,854931.759346969,1.24739
0.0008008799999999999,10,0.022153085703482466,0.8266150453423894,-1,0.6964819115678749,604094.5528794167,0.921681
0.0008008799999999999,13,0.022153085703482466,0.33071755811541015,1,0.36343521597270717,1506745.7005011437,0.967756
0.000801,15,0.022162034244613642,0.61650386588367,1,0.6209508453323069,809919.8989219966,0.74383
0.0008011199999999999,7,0.02217927979206041,1.5633673253834717,-1,1.5544141806550564,319680.8306586704,0.645607
0.0008014799999999999,8,0.02217721426053252,0.5834950192455998,-1,0.5280157286186598,854931.759346969,1.24739
0.0008016,8,0.02217648735621338,0.5834919748605932,-1,0.5561460406469654,854931.759346969,1.24739
0.00080496,19,0.022210768404845364,0.351557075474132,-1,0.34910724298195234,1419744.6731179864,0.639898
0.0008052,11,0.022228537491464088,1.0135972730011782,-1,1.0112549715594754,492960.52372126037,0.752216
0.00080556,11,0.022211666471278504,1.0135547052311045,-1,0.9922276123388929,492960.52372126037,0.752216
0.0008068799999999999,9,0.02221642171936297,0.7154271746437763,1,0.7298388992589611,697905.8636654854,1.05649
0.0008069999999999999,5,0.02221964955439485,1.3162982324466763,-1,1.3056976106010634,379627.66118990496,0.833947
0.0008077199999999999,6,0.022215432013789674,1.406248893970688,-1,1.4011342220611582,355373.6042701692,0.7578
0.0008078399999999999,11,0.022204148254532527,1.013535730588865,1,1.051173283279583,492960.52372126037,0.752216
0.0008081999999999999,19,0.022196670690416028,0.3515268051825039,-1,0.34448115153498726,1419744.6731179864,0.639898
0.00080832,15,0.022194589531350943,0.6165851678417693,-1,0.6050212510262405,809919.8989219966,0.74383
0.00080916,19,0.022213894031927427,0.3515637854482991,-1,0.32363817547541324,1419744.6731179864,0.639898
0.0008093999999999999,15,0.02222349552414465,0.6166573062723613,-1,0.609839176467739,809919.8989219966,0.74383
0.0008101199999999999,7,0.02222367360683201,1.5634635020729197,-1,1.550025952298031,319680.8306586704,0.645607
0.00081144,2,0.022210289562696543,2.1614410738390157,1,2.1618774078189076,231278.0424626486,0.473691
0.0008115599999999999,3,0.022214139001634686,2.266484382427496,1,2.2693338409505,220563.58407001573,0.455707
0.00081228,16,0.022199842384984094,0.05748742496787549,1,0.07499021523104009,8614258.665513504,0.553724
0.0008126399999999999,2,0.02222202051318525,2.1614597146110155,1,2.2124152076370573,231278.0424626486,0.473691
0.0008129999999999999,9,0.02222973873807314,0.7154743635903823,1,0.7484244435408585,697905.8636654854,1.05649
0.0008138399999999999,0,0.022212925648644695,2.0558942436793757,-1,2.0277575349087518,243156.3641315184,0.412252
0.0008144399999999999,7,0.022209348725848697,1.5634324785342781,-1,1.530601614358176,319680.8306586704,0.645607
0.0008155199999999999,15,0.022223152648060067,0.6166564508583113,1,0.6241377382264817,809919.8989219966,0.74383
0.0008200799999999999,14,0.022304811697139045,0.43527838331093593,-1,0.39099199210722757,1147181.0320499437,0.878186
0.00082044,11,0.0222940010272052,1.0137622932301704,1,1.0609427837601069,492960.52372126037,0.752216
0.00082152,1,0.022263590707910428,2.1080217707210522,1,2.131654640831512,237147.77626530197,0.466047
0.0008217599999999999,10,0.022270446419449783,0.8269779413772442,-1,0.7875219213556468,604094.5528794167,0.921681
0.0008219999999999999,12,0.022247843838235148,0.21516759526382537,-1,0.18042040900216294,2314214.833191395,1.054
0.00082236,9,0.02221738277491545,0.7154305806241033,1,0.7332198662741372,697905.8636654854,1.05649
0.00082236,15,0.02221738277491545,0.6166420550744699,1,0.745815600894042,809919.8989219966,0.74383
0.0008233199999999999,11,0.02220730345083054,1.0135436941344107,1,1.0260051100009118,492960.52372126037,0.752216
0.0008238,8,0.022260548248393477,0.5838437044539062,1,0.6212482411332599,854931.759346969,1.24739
0.0008242799999999999,0,0.022303331983109534,2.0560191508971446,1,2.0572098448765885,243156.3641315184,0.412252
0.00082524,9,0.022309753262765294,0.7157575984919256,-1,0.6850831972498728,697905.8636654854,1.05649
0.0008264399999999999,8,0.022373089603971545,0.5843135645949703,1,0.5976518000434826,854931.759346969,1.24739
0.0008266799999999999,9,0.022369127524046732,0.7159674429795576,-1,0.7094394857517058,697905.8636654854,1.05649
0.00082716,4,0.022362493616375972,1.215652654703714,-1,1.2097221360125439,411160.5417451298,0.909136
0.0008272799999999999,10,0.022344541413680728,0.8272065614011495,-1,0.8259960726149023,604094.5528794167,0.921681
0.00082884,10,0.02233520169812915,0.8271777646193745,-1,0.7971257963784892,604094.5528794167,0.921681
0.0008291999999999999,4,0.022347941159974447,1.2156084115859611,-1,1.2039523672878298,411160.5417451298,0.909136
0.0008308799999999999,7,0.022393726918289655,1.5638310271545492,1,1.5772110203838754,319680.8306586704,0.645607
0.0008312399999999999,11,0.02240535329674245,1.014042434023407,-1,0.9908575783816556,492960.52372126037,0.752216
0.0008314799999999999,2,0.02241820583802822,2.161770731883137,-1,2.128578128897093,231278.0424626486,0.473691
0.0008317199999999999,1,0.02241169956722885,2.1082526913125235,-1,2.107733104848964,237147.77626530197,0.466047
0.0008317199999999999,8,0.02241169956722885,0.5844744888183565,1,0.6121827999131186,854931.759346969,1.24739
0.0008318399999999999,17,0.022412340570848156,0.12810701808814276,-1,0.11062627095936617,3897146.5093258717,0.656386
0.0008320799999999999,17,0.022408002135435652,0.12809750678853962,1,0.14574061095788055,3897146.5093258717,0.656386
0.0008322,13,0.022410468176134214,0.3315518955803572,1,0.35682535287469724,1506745.7005011437,0.967756
0.0008326799999999999,3,0.022370987737552712,2.2667237456339615,1,2.2852617222623675,220563.58407001573,0.455707
0.00083364,0,0.022417227967733936,2.0561761520793325,-1,2.005826039104797,243156.3641315184,0.412252
0.00083364,4,0.022417227967733936,1.2158189321017143,-1,1.185428064540624,411160.5417451298,0.909136
0.0008339999999999999,19,0.022395610832251785,0.3519530797398524,-1,0.3194354240626573,1419744.6731179864,0.639898
0.0008343599999999999,8,0.02242634120088975,0.5845354780958791,1,0.5888028093210946,854931.759346969,1.24739
0.0008354399999999999,17,0.022397016543154374,0.12807341858234203,1,0.18544704319414673,3897146.5093258717,0.656386
0.00083556,8,0.02238755627209975,0.5843738771340823,-1,0.5252438319829711,854931.759346969,1.24739
0.0008374799999999999,18,0.022462028528496682,0.20361675933013623,-1,0.17674848122673617,2454565.9836427723,0.673174
0.0008383199999999999,8,0.022488572506022684,0.5847944788263266,1,0.6068984516742448,854931.759346969,1.24739
0.00083868,16,0.022499580661688962,0.05804252600410388,-1,0.03303844214253042,8614258.665513504,0.553724
0.0008398799999999999,10,0.02256385316026718,0.827881035164289,1,0.8695417391542011,604094.5528794167,0.921681
0.00084012,15,0.02256069732599679,0.6174953936139638,-1,0.603170382159679,809919.8989219966,0.74383
0.00084036,18,0.022558164950871512,0.2038324328674089,-1,0.19831928166626306,2454565.9836427723,0.673174
0.0008404799999999999,7,0.02255554258489073,1.564179455263517,-1,1.5144216535641384,319680.8306586704,0.645607
0.0008414399999999999,0,0.022556217250919906,2.0563672040527328,1,2.0661945226695293,243156.3641315184,0.412252
0.0008415599999999999,16,0.022565111091018268,0.05816339176080099,1,0.06932109565810275,8614258.665513504,0.553724
0.0008422799999999999,19,0.02255368641947396,0.3522904445475253,1,0.41692294700513594,1419744.6731179864,0.639898
0.00084288,11,0.022557394216874485,1.0144238178379683,1,1.026533177785381,492960.52372126037,0.752216
0.00084432,17,0.0225352058918777,0.1283759987401563,-1,0.12258819858957035,3897146.5093258717,0.656386
0.0008446799999999999,1,0.02252650428440957,2.108431162022467,-1,2.10329032532608,237147.77626530197,0.466047
0.0008446799999999999,12,0.02252650428440957,0.21614909097940765,-1,0.2160312074871335,2314214.833191395,1.054
0.0008452799999999999,6,0.022524462910163103,1.4070317765241496,1,1.4240084728547975,355373.6042701692,0.7578
0.0008466,0,0.02254408847181477,2.056350555552329,-1,2.045459482337425,243156.3641315184,0.412252
0.00084744,8,0.022573688157480717,0.585148142451056,-1,0.5609997157592472,854931.759346969,1.24739
0.00084828,3,0.022524728136263383,2.266957552301047,1,2.270633181993871,220563.58407001573,0.455707
0.00084852,8,0.022508733142311048,0.5848783085917653,1,0.5941467272596243,854931.759346969,1.24739
0.00084852,11,0.022508733142311048,1.0143018952401923,1,1.0270259855729122,492960.52372126037,0.752216
0.0008486399999999999,19,0.022503674359092875,0.3521838370635048,-1,0.35194754591873295,1419744.6731179864,0.639898
0.0008487599999999999,2,0.022498636066761807,2.1618978463576966,-1,2.146056232722488,231278.0424626486,0.473691
0.0008488799999999999,14,0.022489969843303363,0.4358216355831203,-1,0.38845567250172075,1147181.0320499437,0.878186
0.0008489999999999999,8,0.022498344157186642,0.5848351149341012,-1,0.5621898588604978,854931.759346969,1.24739
0.0008547599999999999,1,0.02256900499875169,2.1084971165097772,1,2.1147660128811845,237147.77626530197,0.466047
0.000855,10,0.022574827230950674,0.8279146986407567,-1,0.7999588474434705,604094.5528794167,0.921681
0.0008557199999999999,3,0.022572231804543992,2.26702963387754,-1,2.265190236736249,220563.58407001573,0.455707
0.00085776,3,0.0226451602984136,2.2671401473772312,-1,2.2625087205362067,220563.58407001573,0.455707
0.0008579999999999999,11,0.022629751107549292,1.0146048685142277,-1,0.9848609035862876,492960.52372126037,0.752216
0.0008584799999999999,9,0.022638938964661768,0.7169175390598399,-1,0.7105585463479624,697905.8636654854,1.05649
0.0008590799999999999,14,0.022636855617922592,0.43625100828793817,1,0.44635185424212964,1147181.0320499437,0.878186
0.0008598,2,0.022650279909987307,2.1621368925700573,1,2.1731253558197148,231278.0424626486,0.473691
0.0008598,9,0.022650279909987307,0.7169573499820334,1,0.771750748023389,697905.8636654854,1.05649
0.00086148,10,0.022636359973944104,0.828103301840842,1,0.8485748306691937,604094.5528794167,0.921681
0.00086232,1,0.022595332544068248,2.1085379416123007,1,2.1132196847911384,237147.77626530197,0.466047
0.00086316,5,0.02260251974746437,1.3173646628927937,1,1.3293756153712069,379627.66118990496,0.833947
0.0008635199999999999,11,0.02260941284630892,1.0145540076053994,-1,1.0082836801738186,492960.52372126037,0.752216
0.0008638799999999999,10,0.022599775523150165,0.8279911982654247,1,0.8522300469503369,604094.5528794167,0.921681
0.00086568,5,0.02250738402253852,1.3171005245943506,-1,1.288674287152361,379627.66118990496,0.833947
0.0008662799999999999,4,0.022515334969477236,1.216116463993785,-1,1.2089014697038074,411160.5417451298,0.909136
0.0008662799999999999,12,0.022515334969477236,0.21610986768255708,-1,0.19675014121987489,2314214.833191395,1.054
0.0008671199999999999,8,0.022501245832799166,0.5848471800595467,-1,0.5413850769644336,854931.759346969,1.24739
0.00086736,14,0.022495148420214873,0.4358367972695228,1,0.5202756002144581,1147181.0320499437,0.878186
0.0008676,3,0.022478734248711406,2.266887689191191,-1,2.2484730205050814,220563.58407001573,0.455707
0.0008691599999999999,12,0.022456969352091606,0.21590474663873785,1,0.22321160953501654,2314214.833191395,1.054
0.0008693999999999999,3,0.022462049540493856,2.2668623280375977,-1,2.2328511197660794,220563.58407001573,0.455707
0.0008693999999999999,10,0.022462049540493856,0.8275683567358436,1,0.8307187698873294,604094.5528794167,0.921681
0.00087132,9,0.022432187200328305,0.7161900079737139,-1,0.7144578282172921,697905.8636654854,1.05649
0.0008728799999999999,8,0.022354940689308087,0.5842378729330163,1,0.6642725287271081,854931.759346969,1.24739
0.0008728799999999999,10,0.022354940689308087,0.8272386180030106,-1,0.8271291310929132,604094.5528794167,0.921681
0.00087384,18,0.02235390454583956,0.2033736405741909,1,0.22142761377079107,2454565.9836427723,0.673174
0.00087408,10,0.0223347338927635,0.8271763220949587,-1,0.8213478611669441,604094.5528794167,0.921681
0.0008744399999999999,9,0.0223347588807492,0.7158460090152327,-1,0.7067205748402717,697905.8636654854,1.05649
0.00087492,1,0.02235813572579938,2.108169266783413,-1,2.0904324621076604,237147.77626530197,0.466047
0.00087636,6,0.022262997680154717,1.4063697472745196,-1,1.4022195024788848,355373.6042701692,0.7578
0.00087636,7,0.022262997680154717,1.5635486152529172,-1,1.4779326187454698,319680.8306586704,0.645607
0.0008779199999999999,12,0.02226981544088046,0.2152452058925887,1,0.21839158255067212,2314214.833191395,1.054
0.0008793599999999999,3,0.02226231434578117,2.266557991359604,1,2.2939361417622406,220563.58407001573,0.455707
0.00088032,16,0.022262264995920402,0.05760333615797789,1,0.07376613732257883,8614258.665513504,0.553724
0.0008806799999999999,16,0.022308895335053393,0.057689817020599374,1,0.061029154884776865,8614258.665513504,0.553724
0.0008824799999999999,15,0.022306850668452373,0.6168650669028659,1,0.6236650862589139,809919.8989219966,0.74383
0.0008834399999999999,10,0.022318812604204322,0.8271272182071495,1,0.8924396695860352,604094.5528794167,0.921681
0.0008841599999999999,4,0.02232859400638367,1.2155495690739357,1,1.2177273050328634,411160.5417451298,0.909136
0.0008857199999999999,8,0.022319378060681894,0.5840894666868888,-1,0.5654466223143609,854931.759346969,1.24739
0.0008858399999999999,10,0.02230514999167446,0.8270850664845393,-1,0.7766772788791693,604094.5528794167,0.921681
0.0008862,10,0.02231295119105792,0.8271091362287136,1,0.8330965049143461,604094.5528794167,0.921681
0.0008863199999999999,8,0.022315322746034615,0.584072535963942,1,0.589429942700659,854931.759346969,1.24739
0.0008867999999999999,8,0.02231594966843803,0.5840751534321529,-1,0.5516430946196256,854931.759346969,1.24739
0.0008869199999999999,5,0.022316581086725285,1.3165690844546645,-1,1.2685123432850087,379627.66118990496,0.833947
0.00088788,2,0.022352902513658013,2.161667356622308,-1,2.1332147331206874,231278.0424626486,0.473691
0.00088788,10,0.022352902513658013,0.8272323357505322,-1,0.7849454056700922,604094.5528794167,0.921681
0.00088788,19,0.022352902513658013,0.3518617275479196,-1,0.34945378615618383,1419744.6731179864,0.639898
0.0008884799999999999,17,0.02240828058763109,0.12809811727641413,1,0.15338492751605237,3897146.5093258717,0.656386
0.0008888399999999999,14,0.02242191764324187,0.43562223191064986,-1,0.39591668700594307,1147181.0320499437,0.878186
0.0008891999999999999,12,0.02243262683140436,0.215819118140484,-1,0.17564407720660405,2314214.833191395,1.054
0.0008899199999999999,9,0.02245296181594506,0.7162632620954384,1,0.7183325028222927,697905.8636654854,1.05649
0.0008904,9,0.022438663697812933,0.7162128486228525,-1,0.6998139342632561,697905.8636654854,1.05649
0.00089124,5,0.022420139426862152,1.3168578043771186,1,1.359491323279624,379627.66118990496,0.833947
0.0008924399999999999,0,0.022450574134280612,2.0562220429524345,-1,2.007469478855487,243156.3641315184,0.412252
0.0008953199999999999,14,0.022346685003109486,0.43540143591233527,-1,0.404783176516011,1147181.0320499437,0.878186
0.00089544,11,0.022364391999558447,1.013939464428473,-1,1.0103593530663857,492960.52372126037,0.752216
0.00089604,8,0.022334262918872215,0.5841515969981848,-1,0.5275005863390525,854931.759346969,1.24739
0.00089628,7,0.022310927348200796,1.5636522528362897,1,1.5849575489762975,319680.8306586704,0.645607
0.0008963999999999999,17,0.022306177471568264,0.12787400811765862,1,0.14415576879191422,3897146.5093258717,0.656386
0.0008988,14,0.022322508338229054,0.43533040230616077,1,0.4402054307767746,1147181.0320499437,0.878186
0.0008992799999999999,10,0.02233581147875851,0.8271796449159705,1,0.8284475965088736,604094.5528794167,0.921681
0.0008992799999999999,16,0.02233581147875851,0.05773969469778682,-1,0.04941186703506039,8614258.665513504,0.553724
0.0008992799999999999,18,0.02233581147875851,0.20333290060081907,-1,0.1988728403417433,2454565.9836427723,0.673174
0.0009005999999999999,12,0.02231562571746501,0.21540689920207937,1,0.2296854510834578,2314214.833191395,1.054
0.0009014399999999999,11,0.02235022670531572,1.013903833395857,1,1.025936709045026,492960.52372126037,0.752216
0.0009017999999999999,9,0.022374827119497235,0.7159875722132475,1,0.7359121779428124,697905.8636654854,1.05649
0.00090252,3,0.02235587135472635,2.2667007134887776,-1,2.222629651335841,220563.58407001573,0.455707
0.0009026399999999999,2,0.02235811736404053,2.1616756172814204,1,2.2019424630754902,231278.0424626486,0.473691
0.00090336,11,0.022379099003363448,1.0139764461263863,1,1.0156743240583919,492960.52372126037,0.752216
0.0009034799999999999,10,0.022353910349640536,0.827235442231103,1,0.8704670819918975,604094.5528794167,0.921681
0.0009043199999999999,9,0.02232086000204637,0.7157968738855545,-1,0.6934520497400138,697905.8636654854,1.05649
0.0009045599999999999,13,0.02232169701422131,0.331264676668269,1,0.3326649696149923,1506745.7005011437,0.967756
0.0009053999999999999,2,0.022339685111525513,2.1616464150882013,-1,2.1456956890187864,231278.0424626486,0.473691
0.00090588,18,0.022312689811979584,0.20328081375658288,-1,0.14004516099129954,2454565.9836427723,0.673174
0.00090756,0,0.022288354050179045,2.0559984746024083,-1,2.0501482867772136,243156.3641315184,0.412252
0.00090756,13,0.022288354050179045,0.33115664806799766,-1,0.3125223960212567,1506745.7005011437,0.967756
0.0009085199999999999,14,0.022336006380079695,0.43537006572529846,1,0.4362099473502416,1147181.0320499437,0.878186
0.0009087599999999999,9,0.022354764502038264,0.7159167057874077,1,0.7306990667599441,697905.8636654854,1.05649
0.0009091199999999999,4,0.022371341863565083,1.2156795485574319,-1,1.1868772033463095,411160.5417451298,0.909136
0.0009091199999999999,8,0.022371341863565083,0.58430627682443,-1,0.549055151452179,854931.759346969,1.24739
0.00090924,7,0.022365155324868095,1.5637693750224793,1,1.5923490083417415,319680.8306586704,0.645607
0.0009095999999999999,6,0.022373633068470032,1.4066503476825343,-1,1.3857556465037333,355373.6042701692,0.7578
0.00091008,14,0.022388038566416437,0.43552284805293334,1,0.4553717325209475,1147181.0320499437,0.878186
0.0009103199999999999,14,0.022378959238502447,0.43549620118128,-1,0.43064646508737514,1147181.0320499437,0.878186
0.0009116399999999999,12,0.02231662934731755,0.2154104397849887,1,0.24874023911937385,2314214.833191395,1.054
0.0009118799999999999,15,0.022319879738248286,0.6168975064343359,1,0.6493073153781589,809919.8989219966,0.74383
0.0009121199999999999,10,0.022312844050344845,0.8271088056863066,-1,0.8152499366912518,604094.5528794167,0.921681
0.0009122399999999999,17,0.02232975229814111,0.12792579866973378,-1,0.11859434001397688,3897146.5093258717,0.656386
0.0009122399999999999,18,0.02232975229814111,0.2033192535180509,-1,0.19835797511292344,2454565.9836427723,0.673174
0.0009128399999999999,2,0.02232284797567212,2.1616197295059045,-1,2.1576866985694876,231278.0424626486,0.473691
0.0009130799999999999,13,0.022298069828671826,0.33118813476913483,1,0.33644546419128046,1506745.7005011437,0.967756
0.0009135599999999999,1,0.022305443092351208,2.108087101579231,-1,2.0754559402493786,237147.77626530197,0.466047
0.00091428,0,0.022359778178970502,2.056097009760156,1,2.092077583895304,243156.3641315184,0.412252
0.0009147599999999999,8,0.02235374157584951,0.5842328708418487,-1,0.5741538174547693,854931.759346969,1.24739
0.00091572,9,0.02235485252271186,0.7159170167689447,-1,0.7078325130784769,697905.8636654854,1.05649
0.0009175199999999999,19,0.022397040678094362,0.3519561366423466,1,0.38779950355716525,1419744.6731179864,0.639898
0.0009187199999999999,1,0.022445085308292204,2.1083046384592854,-1,2.096389267035774,237147.77626530197,0.466047
0.00091908,10,0.022462506472029915,0.8275697617311485,1,0.8680863340533288,604094.5528794167,0.921681
0.0009197999999999999,8,0.022532612354996432,0.5849775519842331,1,0.5946342478285453,854931.759346969,1.24739
0.0009211199999999999,3,0.022545387992720975,2.266988910685086,-1,2.265905698505237,220563.58407001573,0.455707
0.0009225599999999999,10,0.022560915295908323,0.827872021738559,-1,0.7954764535260486,604094.5528794167,0.921681
0.0009226799999999999,6,0.02255808725593716,1.40711663382998,-1,1.39916381770138,355373.6042701692,0.7578
0.0009227999999999999,1,0.022572504999502443,2.108502545196942,-1,2.0989102581038517,237147.77626530197,0.466047
0.0009229199999999999,19,0.022580475639372613,0.35234750078764976,-1,0.3494694544797658,1419744.6731179864,0.639898
0.0009235199999999999,8,0.02259763616656144,0.5852475284661998,-1,0.5700897983742068,854931.759346969,1.24739
0.0009235199999999999,10,0.02259763616656144,0.8279846399540284,1,0.8441150200797815,604094.5528794167,0.921681
0.00092412,13,0.02259768977571031,0.33215579157071007,-1,0.32728302732896236,1506745.7005011437,0.967756
0.00092472,14,0.022544043006062914,0.4359798634737406,-1,0.42858178463709745,1147181.0320499437,0.878186
0.0009248399999999999,6,0.022527534448214807,1.407039530750574,-1,1.4056129897985632,355373.6042701692,0.7578
0.0009269999999999999,19,0.022567924959629435,0.3523207743040769,1,0.35251425466214975,1419744.6731179864,0.639898
0.0009273599999999999,6,0.022572267070458535,1.4071524002759093,-1,1.365551588985568,355373.6042701692,0.7578
0.00092748,12,0.022568057424562332,0.21629492787898083,1,0.23444604892329507,2314214.833191395,1.054
0.0009277199999999999,4,0.022573756572385348,1.2162933329751124,1,1.229546777151458,411160.5417451298,0.909136
0.0009277199999999999,8,0.022573756572385348,0.5851484264530561,1,0.5851805553118228,854931.759346969,1.24739
0.0009287999999999999,7,0.02256490617817106,1.5641995790208278,1,1.5667947634602137,319680.8306586704,0.645607
0.0009287999999999999,11,0.02256490617817106,1.014442627686396,-1,1.0023149314872923,492960.52372126037,0.752216
0.0009290399999999999,11,0.022565850023592075,1.0144449908410091,1,1.0874466553314823,492960.52372126037,0.752216
0.00092916,9,0.02255913306438955,0.7166371083261215,1,0.753970981990149,697905.8636654854,1.05649
0.0009295199999999999,9,0.0225517392045309,0.716611101880691,-1,0.6861751582238573,697905.8636654854,1.05649
0.0009301199999999999,9,0.02252969447367326,0.7165335385683675,1,0.7330948611596619,697905.8636654854,1.05649
0.0009308399999999999,8,0.02250679435063507,0.5848702485510614,1,0.5972030627698893,854931.759346969,1.24739
0.0009310799999999999,3,0.022490831208346662,2.2669060709723694,-1,2.2629467331554856,220563.58407001573,0.455707
0.0009313199999999999,10,0.022497026291470792,0.8276758636626114,-1,0.8057137270594692,604094.5528794167,0.921681
0.0009316799999999999,11,0.02254146568156925,1.0143839226388744,-1,0.9603938619415926,492960.52372126037,0.752216
0.00093228,2,0.022568674897768228,2.162008352987096,1,2.167762353800648,231278.0424626486,0.473691
0.00093456,2,0.022583390434343216,2.162031549218549,1,2.1641658932098995,231278.0424626486,0.473691
0.00093564,5,0.022600068521485637,1.3173578642041521,1,1.3179716717793146,379627.66118990496,0.833947
0.0009368399999999999,18,0.022616468847529988,0.20396300866500033,-1,0.2019612163841538,2454565.9836427723,0.673174
0.00093708,3,0.02261792836418842,2.2670989018254493,-1,2.194673126732342,220563.58407001573,0.455707
0.00093708,15,0.02261792836418842,0.617637013387602,-1,0.5826911043016005,809919.8989219966,0.74383
0.0009374399999999999,0,0.02259907041047443,2.0564259903848034,-1,2.027743359982318,243156.3641315184,0.412252
0.00093816,13,0.02259441418093308,0.33214524746467594,-1,0.3308832590801558,1506745.7005011437,0.967756
0.000939,8,0.022597809468361305,0.5852482474895544,1,0.5974368919500886,854931.759346969,1.24739
0.0009393599999999999,16,0.02261209719954734,0.05824994596958198,1,0.06199768970159177,8614258.665513504,0.553724
0.0009407999999999999,5,0.022628213886627724,1.317435905651216,-1,1.3164714061444893,379627.66118990496,0.833947
0.0009413999999999999,10,0.022642532061162735,0.8281222056705728,1,0.8335512657271654,604094.5528794167,0.921681
0.0009415199999999999,11,0.02264844864819595,1.0146516062305972,-1,0.9998725637078376,492960.52372126037,0.752216
0.00094212,12,0.02260896078137391,0.21643835319871035,1,0.28223445714054857,2314214.833191395,1.054
0.00094296,7,0.0226168650994327,1.5643111706978068,-1,1.5483074421461434,319680.8306586704,0.645607
0.0009435599999999999,6,0.02265213836028228,1.4073536540518188,-1,1.3952902392478883,355373.6042701692,0.7578
0.0009449999999999999,1,0.02264341405949466,2.108612438417016,-1,2.098541576106018,237147.77626530197,0.466047
0.0009453599999999999,11,0.02262122685674091,1.0145835542764898,1,1.0183318022444454,492960.52372126037,0.752216
0.0009465599999999999,11,0.02267642193654984,1.0147214942648917,1,1.0186571622308886,492960.52372126037,0.752216
0.0009481199999999999,12,0.022678935703876867,0.2166834158310658,-1,0.19742320461576757,2314214.833191395,1.054
0.0009506399999999999,7,0.02275772253101843,1.5646130457168375,-1,1.5138461606940932,319680.8306586704,0.645607
0.0009531599999999999,8,0.022776849039287686,0.5859896097071725,1,0.6001143037133845,854931.759346969,1.24739
0.0009531599999999999,16,0.022776849039287686,0.05855273092176018,1,0.0657252538516035,8614258.665513504,0.553724
0.0009532799999999999,6,0.022765390805007012,1.4076384119472176,1,1.4784201489097784,355373.6042701692,0.7578
0.00095448,4,0.022735147955396343,1.216780752709276,1,1.2694702022971183,411160.5417451298,0.909136
0.0009548399999999999,7,0.022733400618232428,1.5645609876969013,-1,1.55072901309304,319680.8306586704,0.645607
0.0009550799999999999,3,0.02274450153676507,2.2672903999986636,-1,2.261433767222628,220563.58407001573,0.455707
0.0009550799999999999,9,0.02274450153676507,0.7172877181996072,1,0.7354463275244295,697905.8636654854,1.05649
0.00095532,18,0.022749092397090043,0.20425940327605605,1,0.2386954088021154,2454565.9836427723,0.673174
0.000957,10,0.02275794325275712,0.8284752129921493,-1,0.8210657983769462,604094.5528794167,0.921681
0.0009573599999999999,9,0.022772130289986946,0.7173844627791571,-1,0.716747200624092,697905.8636654854,1.05649
0.0009576,17,0.022772514296524077,0.12889345401181915,1,0.13809928855441028,3897146.5093258717,0.656386
0.00095784,10,0.02276517902269796,0.8284973151343072,-1,0.8140206579932626,604094.5528794167,0.921681
0.0009580799999999999,11,0.022763143792550778,1.0149378852901731,1,1.0262814717822144,492960.52372126037,0.752216
0.00095844,5,0.022768966425220652,1.3178254579501774,-1,1.2906762451873963,379627.66118990496,0.833947
0.00095868,6,0.022770222148539163,1.4076505439340221,-1,1.3684161632940879,355373.6042701692,0.7578
0.00095928,10,0.022793387469052018,0.828583446195806,-1,0.7899027385674692,604094.5528794167,0.921681
0.00096012,4,0.022805391181365958,1.2169923545061923,1,1.2341389138230163,411160.5417451298,0.909136
0.00096012,11,0.022805391181365958,1.0150431529465669,-1,1.0084015436431946,492960.52372126037,0.752216
0.00096036,5,0.022812021399320676,1.3179443779684252,-1,1.317176886111288,379627.66118990496,0.833947
0.00096036,11,0.022812021399320676,1.0150596645804792,-1,0.9956387276870164,492960.52372126037,0.752216
0.0009604799999999999,0,0.022814344246812064,2.056720465204574,-1,2.012082228839812,243156.3641315184,0.412252
0.0009607199999999999,1,0.02278523971751908,2.108831721496528,-1,2.105961716947839,237147.77626530197,0.466047
0.0009607199999999999,16,0.02278523971751908,0.05856812216159238,-1,0.036673536225331455,8614258.665513504,0.553724
0.0009608399999999999,9,0.022761506963471623,0.7173472711884213,-1,0.7139531910375404,697905.8636654854,1.05649
0.0009610799999999999,5,0.022741603732774,1.317749822366382,-1,1.2431250550356614,379627.66118990496,0.833947
0.0009611999999999999,19,0.02272362218200363,0.3526518053172187,1,0.37288843554463896,1419744.6731179864,0.639898
0.00096264,15,0.022751042264128524,0.6179657159611569,-1,0.6025308452966949,809919.8989219966,0.74383
0.0009631199999999999,5,0.022730368179023082,1.3177187520236477,1,1.3363554308472239,379627.66118990496,0.833947
0.0009631199999999999,13,0.022730368179023082,0.33258224147385523,1,0.36409639893694024,1506745.7005011437,0.967756
0.0009637199999999999,11,0.02273677841968973,1.0148721412820343,-1,0.9980437988160628,492960.52372126037,0.752216
0.0009639599999999999,7,0.022757763883740942,1.564613134203486,-1,1.5467210029143863,319680.8306586704,0.645607
0.0009658799999999999,10,0.022766618265503934,0.8285017109786693,1,0.8291805428568857,604094.5528794167,0.921681
0.0009665999999999999,15,0.022762221901840178,0.6179932783867114,-1,0.6036609126593826,809919.8989219966,0.74383
0.0009675599999999999,10,0.022750083540164136,0.828451200993985,-1,0.7943878467197666,604094.5528794167,0.921681
0.0009679199999999999,9,0.02270586368529134,0.7171523256670012,1,0.7491091740565565,697905.8636654854,1.05649
0.00096996,2,0.0227087689648277,2.162228878808436,-1,2.140979829956475,231278.0424626486,0.473691
0.0009702,8,0.022711921398908083,0.585721096969975,1,0.6310567562742181,854931.759346969,1.24739
0.0009713999999999999,6,0.02274539594698976,1.407588189165158,-1,1.3963623845237554,355373.6042701692,0.7578
0.0009715199999999999,12,0.022752314569519063,0.2169399938242584,-1,0.20552608680257387,2314214.833191395,1.054
0.00097164,9,0.022745252990492768,0.7172903502599359,-1,0.7154171200355034,697905.8636654854,1.05649
0.00097164,16,0.022745252990492768,0.05849474801307418,-1,0.05039392777997359,8614258.665513504,0.553724
0.0009717599999999999,16,0.022731547203303646,0.0584695835661902,-1,0.05224801894334123,8614258.665513504,0.553724
0.0009718799999999999,1,0.02273688745429498,2.108757038744492,1,2.1113119174853456,237147.77626530197,0.466047
0.0009721199999999999,7,0.02274096732448876,1.5645771862704934,-1,1.540675550570667,319680.8306586704,0.645607
0.00097248,13,0.02276194440982127,0.33268354910987497,1,0.3381934927656807,1506745.7005011437,0.967756
0.0009730799999999999,4,0.022773146435466702,1.2168952604487395,1,1.225282332727856,411160.5417451298,0.909136
0.0009735599999999999,14,0.022741570267726132,0.4365562574861361,-1,0.4343431635297012,1147181.0320499437,0.878186
0.0009737999999999999,5,0.022741359416822534,1.3177491468266445,-1,1.303923018210479,379627.66118990496,0.833947
0.00097584,1,0.022786599140210993,2.1088338200544348,1,2.1114027747051485,237147.77626530197,0.466047
0.0009764399999999999,8,0.022816281620237636,0.5861524990973344,1,0.6044256433181954,854931.759346969,1.24739
0.00097668,10,0.022843144219401104,0.8287352425686976,-1,0.8177913737296038,604094.5528794167,0.921681
0.0009784799999999999,9,0.02277595730290714,0.7173978587825256,1,0.7604723634718177,697905.8636654854,1.05649
0.0009792,11,0.02274147779711141,1.0148838623178638,-1,1.0132749887853596,492960.52372126037,0.752216
0.0009802799999999998,19,0.022689611578957852,0.3525795917325341,-1,0.34078786155385027,1419744.6731179864,0.639898
0.0009804,18,0.02269864107231264,0.20414675388123713,1,0.21945110360875233,2454565.9836427723,0.673174
0.0009809999999999999,11,0.022669216395247466,1.01470349617476,1,1.0265740156362715,492960.52372126037,0.752216
0.0009811199999999998,9,0.02267213400689355,0.7170340378658343,-1,0.703862257390609,697905.8636654854,1.05649
0.00098124,16,0.022685961347781662,0.058385831243369275,1,0.11782563066323769,8614258.665513504,0.553724
0.00098172,6,0.02272503540352239,1.4075370251707235,-1,1.374459744319414,355373.6042701692,0.7578
0.0009823199999999999,4,0.022724119365646285,1.2167475003375674,-1,1.1635761887004585,411160.5417451298,0.909136
0.0009827999999999998,10,0.022743430004022833,0.8284308707112392,1,0.8571986971954203,604094.5528794167,0.921681
0.0009834,18,0.022716865687148233,0.20418746083661232,-1,0.1849400080778138,2454565.9836427723,0.673174
0.00098376,4,0.022749492712573167,1.216823991613551,-1,1.0980158613266495,411160.5417451298,0.909136
0.00098376,13,0.022749492712573167,0.33264360808939875,-1,0.322419421949507,1506745.7005011437,0.967756
0.00098376,19,0.022749492712573167,0.3527066991754017,-1,0.32953815897408706,1419744.6731179864,0.639898
0.00098472,13,0.022770307877023718,0.3327103702767332,-1,0.3277847543877183,1506745.7005011437,0.967756
0.0009856799999999998,7,0.022785182241299863,1.56467178637927,-1,1.562543654218449,319680.8306586704,0.645607
0.0009864,1,0.022783251910194813,2.1088286527806615,-1,2.1014883378492835,237147.77626530197,0.466047
0.00098664,6,0.02276014058796717,1.4076252266674514,-1,1.3770093267373829,355373.6042701692,0.7578
0.00098724,10,0.022770297808109914,0.828512948684665,-1,0.827387239423794,604094.5528794167,0.921681
0.00098748,10,0.0227673551599058,0.828503961603569,-1,0.827593106977361,604094.5528794167,0.921681
0.00098892,5,0.022730666746035195,1.317719577768007,-1,1.2932400893949014,379627.66118990496,0.833947
0.0009895199999999998,14,0.022733590532664872,0.43653302087105683,-1,0.42178397434994686,1147181.0320499437,0.878186
0.00099012,5,0.02273201411178014,1.3177233040990441,1,1.3239490480638108,379627.66118990496,0.833947
0.00099048,9,0.022718071623243873,0.7171951164596867,1,0.719082754481475,697905.8636654854,1.05649
0.0009907199999999998,16,0.022704359798507538,0.058419643798056156,1,0.08718167388197512,8614258.665513504,0.553724
0.00099084,9,0.02270363746479018,0.7171445211648378,-1,0.6793319100536694,697905.8636654854,1.05649
0.00099096,5,0.02270325764218426,1.3176437500155662,1,1.3351920552265308,379627.66118990496,0.833947
0.00099168,8,0.0227501952981571,0.5858794276882053,1,0.5880576670831669,854931.759346969,1.24739
0.00099228,0,0.02271971786192841,2.056591196898266,-1,2.026770986334536,243156.3641315184,0.412252
0.0009923999999999998,13,0.02272129550646231,0.33255312014277744,-1,0.32211313849655415,1506745.7005011437,0.967756
0.00099252,9,0.02273019568635762,0.717237601880073,-1,0.7000932060256585,697905.8636654854,1.05649
0.0009928799999999998,18,0.022717257903941152,0.20418833672232595,-1,0.1745898276741941,2454565.9836427723,0.673174
0.0009932399999999998,18,0.022692040466767642,0.20413200657274194,1,0.21041424951063198,2454565.9836427723,0.673174
0.0009937199999999998,14,0.022701123003103677,0.43643843486517503,1,0.4486778730362805,1147181.0320499437,0.878186
0.00099396,11,0.02271135916722734,1.0148087203945577,-1,0.9842864158675777,492960.52372126037,0.752216
0.0009949199999999998,3,0.022731631951736983,2.2672709534075173,1,2.2780736461918365,220563.58407001573,0.455707
0.00099504,2,0.022713833329214495,2.1622368380021797,-1,2.1499462734502637,231278.0424626486,0.473691
0.00099552,12,0.022739085512786354,0.21689376744852865,-1,0.19857938400191266,2314214.833191395,1.054
0.0009989999999999999,9,0.02274732099818897,0.7172975934901473,1,0.7227687037344365,697905.8636654854,1.05649
0.0009994799999999999,12,0.022758115313562158,0.21696025916207784,1,0.24617969017599622,2314214.833191395,1.054
0.0009998399999999999,10,0.02276760047634135,0.8285047108416173,-1,0.78758856084364,604094.5528794167,0.921681
0.0009999599999999998,4,0.022757863169392083,1.2168492160933408,-1,1.1925612975737159,411160.5417451298,0.909136
0.0010003199999999999,18,0.022750239383167527,0.2042619628517249,1,0.22978397806163953,2454565.9836427723,0.673174
0.00100092,8,0.0227612433147496,0.5859251061319768,-1,0.5575533850339215,854931.759346969,1.24739
0.0010015199999999999,13,0.0227010002006769,0.3324879555111468,-1,0.32072665161092545,1506745.7005011437,0.967756
0.00100176,15,0.0227129570612952,0.6178717693356651,-1,0.6118493358375829,809919.8989219966,0.74383
0.0010023599999999999,2,0.022725628736517425,2.1622553723150726,-1,2.145071016595491,231278.0424626486,0.473691
0.00100272,12,0.022722258075306756,0.21683494779355594,1,0.2535848174228038,2314214.833191395,1.054
0.00100272,14,0.022722258075306756,0.4365000142761212,1,0.5079193367508092,1147181.0320499437,0.878186
0.0010028399999999999,14,0.022727323598550144,0.43651476899296826,-1,0.40685238955143743,1147181.0320499437,0.878186
0.00100356,4,0.022707272850574146,1.2166966907210688,1,1.2579679830981636,411160.5417451298,0.909136
0.0010040399999999999,3,0.022699712378974106,2.267222697553672,-1,2.1986555626539444,220563.58407001573,0.455707
0.0010045199999999998,19,0.022669402158862758,0.35253665610488333,1,0.3713677515359242,1419744.6731179864,0.639898
0.00100512,12,0.022655046270613984,0.21659979402537435,1,0.2255192735789028,2314214.833191395,1.054
0.0010053599999999998,2,0.022651059359807633,2.16213811919778,1,2.1697390601394346,231278.0424626486,0.473691
0.00100596,12,0.022616341289449886,0.21646421871407967,-1,0.20622481286046945,2314214.833191395,1.054
0.00100632,10,0.022666710324798164,0.8281962338997818,1,0.8606766120241345,604094.5528794167,0.921681
0.0010066799999999998,3,0.022660019950445684,2.267162643383073,-1,2.2651236891573148,220563.58407001573,0.455707
0.0010068,9,0.022663070380757603,0.7170022373189257,-1,0.7162347668986809,697905.8636654854,1.05649
0.00100716,15,0.022673631415115032,0.6177746801561991,1,0.62621623077203,809919.8989219966,0.74383
0.00100728,14,0.022677240405324994,0.4363688157215786,-1,0.3715298001926628,1147181.0320499437,0.878186
0.0010090799999999999,6,0.022703961756290518,1.407484045074149,1,1.4268633841228413,355373.6042701692,0.7578
0.0010095599999999998,7,0.02273674330020716,1.5645681439407069,-1,1.5530360521170048,319680.8306586704,0.645607
0.00100968,5,0.022735438200213762,1.317732773404278,-1,1.2751839169873191,379627.66118990496,0.833947
0.0010103999999999998,8,0.02273315906079005,0.5858089689749986,-1,0.5600446102544648,854931.759346969,1.24739
0.00101064,6,0.02273620551834028,1.4075650973804983,-1,1.4050868712108306,355373.6042701692,0.7578
0.00101064,12,0.02273620551834028,0.21688370208372268,1,0.2273926450556069,2314214.833191395,1.054
0.00101184,6,0.022790665324940982,1.4077018645549952,1,1.4541476989195539,355373.6042701692,0.7578
0.00101232,10,0.022784337180798194,0.8285558180505441,1,0.903870634810683,604094.5528794167,0.921681
0.0010132799999999999,7,0.022780859824840773,1.564662542395206,1,1.5667636941181708,319680.8306586704,0.645607
0.0010141199999999999,11,0.02280323721278501,1.015037788271437,1,1.0200232656110235,492960.52372126037,0.752216
0.0010142399999999998,4,0.02280273907525427,1.2169843711846822,1,1.2851945284118342,411160.5417451298,0.909136
0.00101448,11,0.02279123071977909,1.0150078802509848,1,1.030430278800445,492960.52372126037,0.752216
0.0010145999999999998,7,0.022798044169383917,1.5646992879046795,-1,1.479430883099001,319680.8306586704,0.645607
0.00101484,9,0.022810233819991765,0.7175177895066472,-1,0.6937223898709968,697905.8636654854,1.05649
0.0010152,14,0.022813059365948657,0.4367642488026941,-1,0.41038365525425646,1147181.0320499437,0.878186
0.00101568,3,0.022801197703248212,2.2673760053263536,1,2.267451897382027,220563.58407001573,0.455707
0.0010157999999999999,15,0.022817007536984377,0.618128249858108,1,0.6354229924952637,809919.8989219966,0.74383
0.00101688,4,0.022864774733887278,1.2171709883854434,1,1.2294707178597688,411160.5417451298,0.909136
0.00101724,7,0.02285746739768321,1.5648262467489038,-1,1.5549490402946395,319680.8306586704,0.645607
0.00101808,9,0.022817838940725834,0.7175443869838102,1,0.736384938409937,697905.8636654854,1.05649
0.0010186799999999999,8,0.02278939546096777,0.5860414521582138,1,0.6008532130496947,854931.759346969,1.24739
0.00101904,8,0.02277785848095208,0.585993781299453,-1,0.5805548420720835,854931.759346969,1.24739
0.00101976,6,0.02276828569703915,1.4076456814652032,1,1.4593445833107486,355373.6042701692,0.7578
0.00101988,14,0.022765957410891435,0.4366272464494391,-1,0.40178927838844414,1147181.0320499437,0.878186
0.0010204799999999998,11,0.02277050432641309,1.014956232526791,1,1.081894021165819,492960.52372126037,0.752216
0.0010218,7,0.022791311965457046,1.564684893995191,1,1.5978086701383747,319680.8306586704,0.645607
0.00102348,8,0.022742737108430992,0.5858485852486062,1,0.6027930673880592,854931.759346969,1.24739
0.00102528,11,0.022730496387679412,1.0148564709480472,-1,1.0117655448082237,492960.52372126037,0.752216
0.0010253999999999999,8,0.022737739093165996,0.5858279137321506,1,0.5888636410197677,854931.759346969,1.24739
0.00102564,9,0.02274395437798444,0.7172858016804342,-1,0.6720672831963365,697905.8636654854,1.05649
0.0010258799999999998,10,0.022736282514016402,0.8284090278091161,1,0.838927933257633,604094.5528794167,0.921681
0.001026,11,0.022737178123700352,1.0148731382580343,-1,0.9886757754697633,492960.52372126037,0.752216
0.00102684,0,0.022760007859287563,2.0566462695688137,-1,1.9981541953883377,243156.3641315184,0.412252
0.00102732,11,0.022751980994712748,1.014910054677767,-1,0.9894109069159258,492960.52372126037,0.752216
0.00102744,7,0.022734471313726214,1.5645632799728286,1,1.582505129395419,319680.8306586704,0.645607
0.0010287599999999999,16,0.022688801469512295,0.058391051695534484,-1,0.05511801975495635,8614258.665513504,0.553724
0.001029,6,0.022672079988508217,1.4074038461172451,1,1.412224439641608,355373.6042701692,0.7578
0.0010302,11,0.02262233316430553,1.014586320740762,-1,1.0108159450398597,492960.52372126037,0.752216
0.00103068,14,0.022599017068393935,0.43614053315239165,1,0.46905793601071455,1147181.0320499437,0.878186
0.00103104,14,0.022633536073804476,0.4362413200938492,1,0.44230691758555557,1147181.0320499437,0.878186
0.00103164,11,0.022633639946662343,1.0146145909258,-1,0.9479346584697584,492960.52372126037,0.752216
0.0010321199999999999,0,0.022638224583033106,2.0564796537063907,-1,2.052730916439634,243156.3641315184,0.412252
0.00103236,18,0.022646573097179396,0.20403036342578232,-1,0.1391739278446952,2454565.9836427723,0.673174
0.0010332,13,0.02261739789649736,0.3322192156850988,1,0.34139838036185505,1506745.7005011437,0.967756
0.0010339199999999998,13,0.022614311168737168,0.3322092838910801,-1,0.3219917181878556,1506745.7005011437,0.967756
0.00103416,17,0.022634394437387326,0.12859261096912625,1,0.15482826301919314,3897146.5093258717,0.656386
0.00103668,11,0.022646050233913143,1.014645612060796,-1,0.9721904738748979,492960.52372126037,0.752216
0.0010371599999999999,3,0.02263573093656842,2.267125868451887,-1,2.198484738653631,220563.58407001573,0.455707
0.0010371599999999999,10,0.02263573093656842,0.8281013750844374,-1,0.8185532955922143,604094.5528794167,0.921681
0.00103752,2,0.022632742437116868,2.16210928809752,1,2.1747117252278056,231278.0424626486,0.473691
0.00103776,13,0.02263463002784099,0.332274649000699,-1,0.32260413270411215,1506745.7005011437,0.967756
0.0010400399999999999,8,0.022648009848116907,0.5854564112386966,-1,0.5600770003044353,854931.759346969,1.24739
0.0010404,8,0.022648184783606577,0.5854571362325528,1,0.5909279708051162,854931.759346969,1.24739
0.0010404,9,0.022648184783606577,0.7169499960624421,-1,0.7142170064613803,697905.8636654854,1.05649
0.0010413599999999999,8,0.022667946076362838,0.5855390159266738,1,0.6242032045096505,854931.759346969,1.24739
0.0010418399999999998,13,0.02266909809398529,0.33238546458805807,-1,0.2662523524413374,1506745.7005011437,0.967756
0.00104196,17,0.022662122754803483,0.12865308033906472,1,0.14682713170293826,3897146.5093258717,0.656386
0.0010428,9,0.022635950405896006,0.716907046450725,-1,0.7061319944220048,697905.8636654854,1.05649
0.00104316,14,0.02257810729912174,0.4360794443695754,1,0.5178257382268716,1147181.0320499437,0.878186
0.0010443599999999998,10,0.022580003349646962,0.8279305737877743,1,0.8313138932887687,604094.5528794167,0.921681
0.0010446,8,0.022596678493904534,0.5852435550647529,-1,0.548631872254435,854931.759346969,1.24739
0.00104544,13,0.02260872955957994,0.33219132289500697,1,0.35488993528344875,1506745.7005011437,0.967756
0.00104568,1,0.02261336550661787,2.108565890904122,1,2.1145146482002817,237147.77626530197,0.466047
0.00104568,9,0.02261336550661787,0.7168277301308582,-1,0.7119961191848283,697905.8636654854,1.05649
0.00104652,12,0.022662860546380788,0.21662715171556285,1,0.23044099282949349,2314214.833191395,1.054
0.001047,3,0.022679353119846923,2.2671919008021693,1,2.273209466931808,220563.58407001573,0.455707
0.001047,9,0.022679353119846923,0.7170593622250352,-1,0.6316229660215777,697905.8636654854,1.05649
0.00104712,3,0.022655733589438884,2.2671561550244688,1,2.2676282531920315,220563.58407001573,0.455707
0.0010485599999999998,10,0.022646485192670675,0.8281343119432378,1,0.8616393869743488,604094.5528794167,0.921681
0.00105072,4,0.02268602300425272,1.216632573630873,-1,1.1955975578116689,411160.5417451298,0.909136
0.00105072,5,0.02268602300425272,1.3175960466550063,1,1.3267113897977958,379627.66118990496,0.833947
0.0010512,4,0.022709896876304262,1.2167046061036992,-1,1.2127968005686047,411160.5417451298,0.909136
0.00105132,9,0.02270973144800434,0.7171658840441609,-1,0.7146175665816643,697905.8636654854,1.05649
0.00105204,19,0.02272863391024856,0.35266244198382435,-1,0.3442262744304251,1419744.6731179864,0.639898
0.00105336,9,0.022722100558897576,0.7172092360059397,-1,0.6820183433386791,697905.8636654854,1.05649
0.00105456,3,0.022678911111021362,2.2671912320373333,1,2.2682597050207756,220563.58407001573,0.455707
0.0010547999999999998,7,0.022715591358928186,1.5645228515360474,1,1.568945094292097,319680.8306586704,0.645607
0.0010568399999999999,17,0.022660610319330164,0.1286497830036956,1,0.13632138826200907,3897146.5093258717,0.656386
0.0010573199999999998,3,0.022630210035805794,2.2671175067463953,1,2.272051742751237,220563.58407001573,0.455707
0.00105804,9,0.02265878312358656,0.7169871928764722,1,0.7388328928084589,697905.8636654854,1.05649
0.0010593599999999999,10,0.022580409989311982,0.8279318208738261,1,0.8406840463185112,604094.5528794167,0.921681
0.00106008,3,0.022572375013195194,2.2670298510661366,-1,2.2531175427209464,220563.58407001573,0.455707
0.00106092,18,0.02263449120350562,0.20400333697375186,-1,0.1604070149105123,2454565.9836427723,0.673174
0.00106116,13,0.022650931482058347,0.3323270690411636,-1,0.3277528470063204,1506745.7005011437,0.967756
0.0010613999999999999,9,0.02265563557726669,0.7169761468948456,-1,0.7031248181102467,697905.8636654854,1.05649
0.0010615199999999998,1,0.022649950146726418,2.108622559226973,1,2.140382574508117,237147.77626530197,0.466047
0.00106176,14,0.022649817134539466,0.43628883008238034,-1,0.433522177150046,1147181.0320499437,0.878186
0.001062,15,0.022639607322056755,0.6176906117665564,1,0.6305489661701109,809919.8989219966,0.74383
0.0010623599999999998,7,0.022653442704584394,1.5643896512069688,-1,1.5477927618732519,319680.8306586704,0.645607
0.00106248,2,0.022665336302065058,2.162160583227443,1,2.1628846613868444,231278.0424626486,0.473691
0.00106296,11,0.022690469135115708,1.0147565733118968,1,1.0256552917573831,492960.52372126037,0.752216
0.0010635599999999999,4,0.0226874586052409,1.2166369062105047,1,1.225301298992855,411160.5417451298,0.909136
0.0010635599999999999,9,0.0226874586052409,0.7170877911405291,-1,0.6915618275008413,697905.8636654854,1.05649
0.0010638,11,0.02267859078894694,1.0147269110913155,1,1.0282316984351454,492960.52372126037,0.752216
0.0010648799999999998,7,0.02266781128903061,1.5644204629497735,1,1.5674060869056916,319680.8306586704,0.645607
0.0010662,1,0.022649438380705093,2.1086217668351295,-1,2.1059760113277735,237147.77626530197,0.466047
0.0010665599999999998,1,0.02264619033813094,2.1086167375265137,1,2.1205517067236612,237147.77626530197,0.466047
0.0010668,9,0.022657309837783544,0.7169820226309486,-1,0.6982470878906857,697905.8636654854,1.05649
0.0010669199999999998,7,0.022669626790442245,1.5644243553844783,-1,1.5456744874836728,319680.8306586704,0.645607
0.0010669199999999998,18,0.022669626790442245,0.2040819131229848,-1,0.2004002951582454,2454565.9836427723,0.673174
0.00106788,0,0.022679873016169774,2.0565366846623654,-1,2.0527056647824216,243156.3641315184,0.412252
0.0010682399999999998,8,0.022741919633138798,0.58584520437111,-1,0.5735157986681036,854931.759346969,1.24739
0.00106836,0,0.02274730064115756,2.0566289052525364,-1,2.0556573824075515,243156.3641315184,0.412252
0.00106836,11,0.02274730064115756,1.0148983837881729,-1,1.012606815621318,492960.52372126037,0.752216
0.0010697999999999999,10,0.022702784858454665,0.8283066123833914,-1,0.8239923355469148,604094.5528794167,0.921681
0.0010699199999999998,2,0.022693082490582068,2.162204220192237,1,2.1707299377071534,231278.0424626486,0.473691
0.0010699199999999998,7,0.022693082490582068,1.5644746303933352,-1,1.5343883984677027,319680.8306586704,0.645607
0.0010702799999999998,6,0.022684047079712055,1.4074339560805416,1,1.4149623819626904,355373.6042701692,0.7578
0.0010704,4,0.022691420205105638,1.2166488614308608,-1,1.193206979921505,411160.5417451298,0.909136
0.0010704,7,0.022691420205105638,1.5644710683019853,-1,1.5194280317371736,319680.8306586704,0.645607
0.0010706399999999999,6,0.022712770585746538,1.4075061938569802,-1,1.3921300435921178,355373.6042701692,0.7578
0.0010707599999999998,1,0.022703050372636324,2.108704728254967,-1,2.107139916932547,237147.77626530197,0.466047
0.00107172,8,0.022660897600789806,0.5855098151004127,-1,0.5785866457240063,854931.759346969,1.24739
0.00107184,8,0.022660033081667752,0.5855062332086832,-1,0.5793294903509332,854931.759346969,1.24739
0.00107184,16,0.022660033081667752,0.058338157157140046,1,0.07606276851525491,8614258.665513504,0.553724
0.0010722,0,0.022642897455913403,2.056486055079642,-1,2.0147601726007953,243156.3641315184,0.412252
0.00107304,10,0.022650019283184865,0.8281451340287495,-1,0.8084654693536895,604094.5528794167,0.921681
0.0010736399999999998,1,0.022683227020364814,2.108674064202711,-1,2.107552907810367,237147.77626530197,0.466047
0.00107376,9,0.022669527905300482,0.717024894775354,1,0.725129081192353,697905.8636654854,1.05649
0.0010741199999999998,10,0.02266560064901777,0.8281928371949059,1,0.8502770970736999,604094.5528794167,0.921681
0.00107556,13,0.022665709363946355,0.332374573482691,1,0.3756704551028362,1506745.7005011437,0.967756
0.00107592,2,0.022657129302050646,2.1621476708025784,-1,2.1612911598054145,231278.0424626486,0.473691
0.00107604,9,0.022643239412482072,0.7169326363993029,1,0.7216066036680683,697905.8636654854,1.05649
0.0010766399999999998,14,0.022664640512373373,0.4363320715377588,1,0.45397773472246145,1147181.0320499437,0.878186
0.00107676,15,0.022656928038991993,0.617733416527125,1,0.6625271431413088,809919.8989219966,0.74383
0.0010769999999999998,11,0.022650992627719694,1.0146579638534023,-1,1.0079107145391042,492960.52372126037,0.752216
0.00107712,10,0.022635693013696733,0.8281012589249261,1,0.8678983559662838,604094.5528794167,0.921681
0.00107712,14,0.022635693013696733,0.43624761527171024,1,0.45865935177934897,1147181.0320499437,0.878186
0.0010773599999999999,3,0.022646282907598524,2.267141847151354,1,2.2718729212039186,220563.58407001573,0.455707
0.00107772,11,0.022647714679393947,1.0146497719133047,-1,0.9896760380677412,492960.52372126037,0.752216
0.0010778399999999998,1,0.022663005422417788,2.1086427703095096,-1,2.088307282673515,237147.77626530197,0.466047
0.00107808,12,0.022659814263342282,0.21661648727447913,1,0.22859172668552682,2314214.833191395,1.054
0.0010781999999999999,9,0.022660894000897165,0.7169946003478351,-1,0.6857159867776633,697905.8636654854,1.05649
0.0010786799999999998,12,0.02264348731956667,0.2165593176169519,-1,0.1805063261003882,2314214.833191395,1.054
0.0010798799999999999,12,0.022626478254558945,0.2164997375510039,1,0.2741349260426129,2314214.833191395,1.054
0.0010798799999999999,18,0.022626478254558945,0.20398540852197294,1,0.2106974177001024,2454565.9836427723,0.673174
0.0010799999999999998,18,0.022635802193771128,0.20400626992705495,-1,0.19985177498244378,2454565.9836427723,0.673174
0.0010807199999999999,5,0.022560913980225156,1.3172492156520905,1,1.3305976721955466,379627.66118990496,0.833947
0.0010808399999999998,8,0.02256325809460897,0.5851048404363902,1,0.5951107385201788,854931.759346969,1.24739
0.0010815599999999999,11,0.02259300752123613,1.0145129653166338,1,1.0689408267248948,492960.52372126037,0.752216
0.0010819199999999999,19,0.0226105907578615,0.3524116002018353,1,0.4171378089674434,1419744.6731179864,0.639898
0.00108252,5,0.022579655583919157,1.3173012328190312,-1,1.2590903527311008,379627.66118990496,0.833947
0.00108348,2,0.022601062381534292,2.1620593956812524,1,2.1847886261390577,231278.0424626486,0.473691
0.0010835999999999999,5,0.02260228978421015,1.31736402508536,1,1.3187357300846647,379627.66118990496,0.833947
0.0010837199999999998,12,0.02259559153262574,0.2163914889633584,-1,0.18256646570459104,2314214.833191395,1.054
0.00108384,9,0.02259790483077877,0.7167734106614979,1,0.7170437752679575,697905.8636654854,1.05649
0.00108384,12,0.02259790483077877,0.21639959893346725,1,0.24986466543893562,2314214.833191395,1.054
0.0010840799999999999,4,0.022596741753181552,1.216362856911706,-1,1.2131185788835814,411160.5417451298,0.909136
0.00108432,14,0.02259393475663494,0.43612568756247166,1,0.4400499105929151,1147181.0320499437,0.878186
0.0010848,15,0.022590743200116222,0.6175697653217905,-1,0.6058042570405341,809919.8989219966,0.74383
0.00108504,8,0.0225897614732625,0.5852148537183731,1,0.5970245107406135,854931.759346969,1.24739
0.0010853999999999998,0,0.022580636185976815,2.0564007089946155,1,2.065715117508259,243156.3641315184,0.412252
0.0010853999999999998,13,0.022580636185976815,0.33210088786905284,1,0.35387194860792354,1506745.7005011437,0.967756
0.0010861199999999999,6,0.022572287343796814,1.4071524514043072,1,1.4358408132186422,355373.6042701692,0.7578
0.00108636,3,0.022572940404137536,2.2670307085248202,1,2.28258408820419,220563.58407001573,0.455707
0.00108684,7,0.022597267462581686,1.5642690961122154,-1,1.5031188338784305,319680.8306586704,0.645607
0.00108756,1,0.0225950499491922,2.1085375035297114,-1,2.081007389297409,237147.77626530197,0.466047
0.0010894799999999999,16,0.02256361415888275,0.058160632746647525,-1,0.0429758409149614,8614258.665513504,0.553724
0.0010894799999999999,18,0.02256361415888275,0.20384464390633547,-1,0.14011801424584638,2454565.9836427723,0.673174
0.00109056,13,0.022596865549290867,0.33215313846626615,-1,0.3142065432977058,1506745.7005011437,0.967756
0.00109092,7,0.022631046749933655,1.5643416062191557,1,1.5801898454788603,319680.8306586704,0.645607
0.0010914,8,0.022627597674729855,0.5853717968196949,-1,0.5795605848537789,854931.759346969,1.24739
0.00109188,2,0.022603014342772496,2.162062470804476,1,2.1674127499018008,231278.0424626486,0.473691
0.0010945199999999999,15,0.02255084446602788,0.6174709943250051,1,0.6537629679549533,809919.8989219966,0.74383
0.00109524,11,0.022495973328683333,1.0142699031262672,1,1.029146699617311,492960.52372126037,0.752216
0.00109596,4,0.02250434261094241,1.2160831594448769,-1,1.1984146456074916,411160.5417451298,0.909136
0.0010961999999999999,13,0.022488643742821626,0.3318043617563066,1,0.3384647198393434,1506745.7005011437,0.967756
0.00109656,12,0.022518948042640624,0.21612255678030726,1,0.24642838611137433,2314214.833191395,1.054
0.0010968,19,0.022518455917552107,0.35221535827971845,1,0.3749447281701651,1419744.6731179864,0.639898
0.0010971599999999998,11,0.022528340849457432,1.0143510391049961,1,1.031234061394204,492960.52372126037,0.752216
0.00109764,8,0.022497195915156285,0.5848303403454039,1,0.5949641621554725,854931.759346969,1.24739
0.0010995599999999999,16,0.022500216422357555,0.05804369945988447,1,0.06994640947253547,8614258.665513504,0.553724
0.0010996799999999998,13,0.022509761696252885,0.33187248638564965,1,0.3335496823479996,1506745.7005011437,0.967756
0.0010999199999999999,14,0.022501598959774022,0.4358556805304732,1,0.44113289334338235,1147181.0320499437,0.878186
0.0011003999999999999,16,0.022489226512752307,0.058023412490896646,1,0.07195117831663174,8614258.665513504,0.553724
0.00110064,8,0.022474835833943944,0.5847373389647391,-1,0.5689809788244984,854931.759346969,1.24739
0.00110268,17,0.02248272492338151,0.1282611956807744,-1,0.07030854019057467,3897146.5093258717,0.656386
0.0011033999999999998,3,0.02246817116528822,2.2668716341465824,1,2.280412882917692,220563.58407001573,0.455707
0.00110388,11,0.022490845092580578,1.0142570427717277,-1,1.0011700382008781,492960.52372126037,0.752216
0.0011042399999999998,10,0.022515319227135868,0.8277320567936077,1,0.9120594808410927,604094.5528794167,0.921681
0.00110448,6,0.022524014120594057,1.4070306434918234,1,1.41699339006177,355373.6042701692,0.7578
0.0011049599999999999,17,0.022510051803564503,0.12832099042135148,-1,0.12436075151560227,3897146.5093258717,0.656386
0.00110532,17,0.02253541897479734,0.12837646459022173,1,0.1522126741038374,3897146.5093258717,0.656386
0.00110568,8,0.022548845481048328,0.585044987774681,1,0.5892762350971401,854931.759346969,1.24739
0.0011064,13,0.022530214591959863,0.3319384351424624,-1,0.32464809651566723,1506745.7005011437,0.967756
0.00110688,11,0.02256634453083937,1.0144462289446594,1,1.0235991520760723,492960.52372126037,0.752216
0.001107,16,0.02256903371828539,0.05817062116961061,-1,0.01664902603053512,8614258.665513504,0.553724
0.00110904,5,0.022604383068221084,1.317369830728495,1,1.347817807258395,379627.66118990496,0.833947
0.00110952,12,0.022587967457845165,0.2163647575116967,1,0.23518487670405552,2314214.833191395,1.054
0.00111036,13,0.02261778164905628,0.3322204503923537,1,0.38806636120746635,1506745.7005011437,0.967756
0.0011108399999999999,12,0.022617673765633887,0.21646888802183542,-1,0.21336189341594355,2314214.833191395,1.054
0.0011109599999999998,8,0.0226075839199984,0.5852887968994529,1,0.6148539629064712,854931.759346969,1.24739
0.0011109599999999998,11,0.0226075839199984,1.0145494327968951,-1,1.000251764793036,492960.52372126037,0.752216
0.0011117999999999998,19,0.02256453570084104,0.35231355565416583,-1,0.29511255108167805,1419744.6731179864,0.639898
0.00111192,4,0.02256257836057807,1.2162595091243427,1,1.2329216204840434,411160.5417451298,0.909136
0.00111288,6,0.022579917373369063,1.4071716923469635,1,1.4240670112309715,355373.6042701692,0.7578
0.00111324,11,0.022574041401226947,1.0144654979416965,1,1.0392198955333702,492960.52372126037,0.752216
0.00111372,10,0.022594425273611125,0.827974796208282,1,0.8382170990854998,604094.5528794167,0.921681
0.0011138399999999998,12,0.022587227785536214,0.21636216384028983,1,0.22700609474076974,2314214.833191395,1.054
0.00111456,13,0.02258079955974866,0.3321014139460837,1,0.37076963157181486,1506745.7005011437,0.967756
0.00111456,18,0.02258079955974866,0.20388314472836228,1,0.23934567247963512,2454565.9836427723,0.673174
0.0011151599999999998,15,0.02258858958368439,0.617564436181635,-1,0.6057669900632713,809919.8989219966,0.74383
0.00111528,5,0.022594150215932366,1.3173414477485843,1,1.3475897434899478,379627.66118990496,0.833947
0.0011154,3,0.02259968476099937,2.267071256130517,-1,2.2013873205360506,220563.58407001573,0.455707
0.00111576,10,0.022573647548248938,0.8279110803013128,-1,0.8142969414212581,604094.5528794167,0.921681
0.00111696,10,0.022599110706269365,0.8279891602671653,-1,0.8224709138715834,604094.5528794167,0.921681
0.00111876,2,0.022583225198698736,2.1620312887980906,1,2.1624948794129524,231278.0424626486,0.473691
0.00111912,3,0.02259818050141281,2.2670689761321903,-1,2.2650254838850286,220563.58407001573,0.455707
0.00111996,4,0.022557487325714318,1.2162441015217682,-1,1.2157596000162523,411160.5417451298,0.909136
0.0011205599999999998,8,0.022594837760443073,0.5852359175913465,-1,0.5586779035119036,854931.759346969,1.24739
0.00112116,8,0.022569379676054845,0.5851302563388457,-1,0.5472773265744,854931.759346969,1.24739
0.00112152,0,0.022527054486916553,2.0563271663854077,1,2.084387541074797,243156.3641315184,0.412252
0.0011217599999999999,4,0.022523380437107617,1.2161408349266616,1,1.218799615791512,411160.5417451298,0.909136
0.0011221199999999999,19,0.0225497423580687,0.3522820415420975,1,0.36318137135823675,1419744.6731179864,0.639898
0.0011227199999999998,4,0.02255189267011226,1.2162271677467071,1,1.2235691888674802,411160.5417451298,0.909136
0.00112404,16,0.02257909901990372,0.058189168664039545,1,0.12679506745590496,8614258.665513504,0.553724
0.00112524,11,0.02259080293852143,1.0145074488303782,-1,0.9883591417289337,492960.52372126037,0.752216
0.00112584,10,0.022634806117766765,0.8280985422938931,-1,0.7494831968160969,604094.5528794167,0.921681
0.0011272799999999998,8,0.02265975458044617,0.5855050793026834,-1,0.5828929610281831,854931.759346969,1.24739
0.0011274,7,0.02266034355128805,1.5644044504818955,-1,1.5492282461396794,319680.8306586704,0.645607
0.00112752,17,0.022660727340871684,0.12865003813207274,-1,0.118094193810639,3897146.5093258717,0.656386
0.0011279999999999999,13,0.022691275496267843,0.3324567208852579,1,0.3441547285422161,1506745.7005011437,0.967756
0.00112872,10,0.022719514744930742,0.8283577716228491,1,0.851758575185544,604094.5528794167,0.921681
0.00112944,10,0.02268865904024898,0.828263401588447,-1,0.8138889608487873,604094.5528794167,0.921681
0.0011301599999999998,9,0.022662998785043086,0.717001986093615,1,0.7200091488754197,697905.8636654854,1.05649
0.00113088,9,0.022625472343693564,0.7168702532756226,-1,0.7121224992036865,697905.8636654854,1.05649
0.0011318399999999998,17,0.022625482846754388,0.12857316888329845,1,0.1310947656861322,3897146.5093258717,0.656386
0.00113256,5,0.022674987157416296,1.317565491269899,-1,1.268589091549713,379627.66118990496,0.833947
0.00113292,17,0.02265036310787634,0.12862743965227189,-1,0.11682476421934179,3897146.5093258717,0.656386
0.00113364,4,0.022616177149056466,1.216421616126797,-1,1.2148926299619978,411160.5417451298,0.909136
0.0011343599999999998,1,0.022604025261573894,2.1085514158484626,-1,2.0924733644125038,237147.77626530197,0.466047
0.0011358,5,0.022637808162461696,1.3174624975586424,1,1.3396424221357233,379627.66118990496,0.833947
0.00113712,11,0.022680455593898335,1.014731568335671,1,1.032217589196742,492960.52372126037,0.752216
0.0011376,16,0.022668365636595595,0.05835348112907852,1,0.059405614949701445,8614258.665513504,0.553724
0.0011389199999999999,12,0.02260233693396507,0.21641513585947875,1,0.24052197566803152,2314214.833191395,1.054
0.0011398799999999998,15,0.022613225710857072,0.6176253833043573,1,0.6193651929380184,809919.8989219966,0.74383
0.0011410799999999998,7,0.02260060030039473,1.564276252740152,1,1.5666769955372217,319680.8306586704,0.645607
0.0011414399999999999,9,0.022621311708366756,0.716855641056133,1,0.7205654956522001,697905.8636654854,1.05649
0.0011431199999999999,7,0.022623634954352136,1.5643257008076463,1,1.5668540010769516,319680.8306586704,0.645607
0.0011443199999999999,10,0.0225876743301925,0.8279540973256518,-1,0.8218267220526526,604094.5528794167,0.921681
0.0011447999999999999,10,0.022596242723731605,0.8279803681139745,1,0.9061599922464216,604094.5528794167,0.921681
0.0011447999999999999,13,0.022596242723731605,0.3321511336194491,1,0.33470356526560263,1506745.7005011437,0.967756
0.00114504,16,0.022574172596015706,0.05818009117953401,1,0.06385405395866825,8614258.665513504,0.553724
0.00114552,15,0.022570648348034593,0.6175200305809527,1,0.6518931741790257,809919.8989219966,0.74383
0.00114588,13,0.022576109843495586,0.3320863119157947,1,0.34407626453039986,1506745.7005011437,0.967756
0.00114672,19,0.022552291492674927,0.35228747267537974,-1,0.33152269228172554,1419744.6731179864,0.639898
0.00114708,6,0.022548346686896304,1.407092058198401,-1,1.3813383674894224,355373.6042701692,0.7578
0.00114792,2,0.022536279970364774,2.1619572619112106,1,2.1847142771373322,231278.0424626486,0.473691
0.00114804,5,0.022530549105739987,1.3171648923113428,1,1.3183058542626451,379627.66118990496,0.833947
0.00114828,2,0.022490849251127775,2.1618855497726774,-1,2.1477374777544553,231278.0424626486,0.473691
0.00114888,3,0.02250177833474791,2.266922701278602,1,2.2670118113962334,220563.58407001573,0.455707
0.0011489999999999998,10,0.022507361567487918,0.8277076148733095,-1,0.8043852319602788,604094.5528794167,0.921681
0.00115092,8,0.022445156484512015,0.5846138233613402,-1,0.582378265619948,854931.759346969,1.24739
0.00115128,11,0.022459284640193755,1.0141778646234536,1,1.0301675447872582,492960.52372126037,0.752216
0.00115128,16,0.022459284640193755,0.057968115732126416,-1,0.029014587694366926,8614258.665513504,0.553724
0.0011518799999999999,4,0.02248357580211234,1.2160202181483613,-1,1.2137721811267232,411160.5417451298,0.909136
0.0011518799999999999,13,0.02248357580211234,0.3317880082742137,-1,0.2819305380321642,1506745.7005011437,0.967756
0.0011519999999999998,1,0.022491132102039072,2.108376222451531,-1,2.1045250697320155,237147.77626530197,0.466047
0.00115248,6,0.02250477889348303,1.4069820708440246,-1,1.3851721186352954,355373.6042701692,0.7578
0.0011526,18,0.022509755884470663,0.20372388898676125,-1,0.18895448021462952,2454565.9836427723,0.673174
0.0011536799999999998,1,0.022543866421644198,2.1084581128649957,-1,2.107131261388623,237147.77626530197,0.466047
0.00115416,5,0.022549687661068494,1.3172180467480912,-1,1.2897406950369337,379627.66118990496,0.833947
0.00115668,12,0.022584794247451096,0.2163536303048798,1,0.2181004472473903,2314214.833191395,1.054
0.00115752,1,0.022607465404157916,2.1085567475612836,1,2.110918082196883,237147.77626530197,0.466047
0.00115752,17,0.022607465404157916,0.12853384919924551,-1,0.09232692601725678,3897146.5093258717,0.656386
0.001158,10,0.0225855459686025,0.8279475709731978,1,0.8329821476909045,604094.5528794167,0.921681
0.0011582399999999998,4,0.022586828887326216,1.2163328775200957,-1,1.1970384318630511,411160.5417451298,0.909136
0.00115836,14,0.02258953529432768,0.43611283524861605,1,0.4803520604504578,1147181.0320499437,0.878186
0.0011585999999999999,9,0.022597467056098254,0.7167718723154135,1,0.725976832260499,697905.8636654854,1.05649
0.0011587199999999998,10,0.0226023102449712,0.8279989681882156,1,0.8595785731011354,604094.5528794167,0.921681
0.00115932,10,0.02263038337458621,0.8280849942939036,-1,0.8176064695131061,604094.5528794167,0.921681
0.0011594399999999999,0,0.022639022189464692,2.0564807463949992,1,2.0581837655669504,243156.3641315184,0.412252
0.00116052,10,0.022628184163011,0.8280782570503469,1,0.8303139065604211,604094.5528794167,0.921681
0.0011612399999999998,9,0.02262567264480073,0.7168709567024969,1,0.7419363031909837,697905.8636654854,1.05649
0.0011612399999999998,11,0.02262567264480073,1.0145946711307494,1,1.031559730488598,492960.52372126037,0.752216
0.0011615999999999998,10,0.022615136842471673,0.8280382800931206,-1,0.8183847581759544,604094.5528794167,0.921681
0.00116172,3,0.022627760665985316,2.2671137967155017,1,2.2694536897116215,220563.58407001573,0.455707
0.00116184,1,0.02263993516158194,2.1086070509188706,1,2.128748202766052,237147.77626530197,0.466047
0.00116184,17,0.02263993516158194,0.12860469703148752,1,0.14955549264164456,3897146.5093258717,0.656386
0.0011619599999999999,11,0.02263249188944982,1.0146117207770298,-1,0.9875130123730584,492960.52372126037,0.752216
0.00116256,7,0.022656126938499468,1.5643954079735916,1,1.580472082064313,319680.8306586704,0.645607
0.0011636399999999999,15,0.02266006388725064,0.6177411644126403,-1,0.6091697235099554,809919.8989219966,0.74383
0.0011644799999999999,12,0.022615248705084627,0.21646038994065053,-1,0.19644458469425174,2314214.833191395,1.054
0.0011645999999999998,16,0.022605326055314866,0.058237478236080574,-1,0.05789447180981341,8614258.665513504,0.553724
0.00116508,15,0.022659113348595758,0.6177388159293915,-1,0.6000230123492939,809919.8989219966,0.74383
0.0011654399999999998,11,0.02266794442319927,1.0147003187302346,-1,1.0101458840184825,492960.52372126037,0.752216
0.0011657999999999998,13,0.022686113499639383,0.33244013842975956,-1,0.32136685927448394,1506745.7005011437,0.967756
0.0011661599999999999,8,0.022700341819539175,0.5856731685100194,-1,0.5814225132755081,854931.759346969,1.24739
0.0011662799999999998,5,0.02269907878954881,1.3176321851281738,1,1.3302096834591026,379627.66118990496,0.833947
0.0011671199999999998,12,0.022692770735730845,0.21673182339466915,1,0.24337753344398128,2314214.833191395,1.054
0.0011678399999999999,3,0.022693609042655598,2.2672134666966475,-1,2.2611013692394244,220563.58407001573,0.455707
0.00116808,9,0.022677415612310983,0.7170525659219282,1,0.7332290470672728,697905.8636654854,1.05649
0.00116892,3,0.022683109698583573,2.267197584289361,-1,2.2651608001130286,220563.58407001573,0.455707
0.0011690399999999999,6,0.02267693828254522,1.40741607085228,1,1.4201391996857609,355373.6042701692,0.7578
0.00117144,15,0.022692783898019545,0.6178219753003313,-1,0.5983011622269266,809919.8989219966,0.74383
0.00117264,11,0.022647061961395234,1.0146481406311083,1,1.0153125986715126,492960.52372126037,0.752216
0.00117276,9,0.022651332267955356,0.7169610436432359,-1,0.7117849200281021,697905.8636654854,1.05649
0.0011732399999999999,14,0.02266043183117274,0.4363197957805869,-1,0.3096238340806397,1147181.0320499437,0.878186
0.00117432,6,0.02271428019016852,1.4075099891515692,1,1.4399440697841517,355373.6042701692,0.7578
0.00117552,2,0.02275506153158045,2.1623015995738477,1,2.2154352739311407,231278.0424626486,0.473691
0.00117552,11,0.02275506153158045,1.0149177356230987,1,1.0438107523653284,492960.52372126037,0.752216
0.00117696,11,0.022815513075677602,1.0150683591493228,1,1.0312052042934154,492960.52372126037,0.752216
0.0011782799999999999,1,0.022838497566524882,2.108913889547573,-1,2.088794817032921,237147.77626530197,0.466047
0.0011792399999999998,11,0.022836813153269814,1.015121383738245,-1,1.005628035026539,492960.52372126037,0.752216
0.0011802,13,0.022912397057191215,0.3331652918190008,-1,0.33051533743373335,1506745.7005011437,0.967756
0.0011809199999999998,17,0.022931883150301206,0.12923944869641674,1,0.14753167222795327,3897146.5093258717,0.656386
0.00118308,19,0.022912395586264806,0.3530516429074401,-1,0.32346568105216517,1419744.6731179864,0.639898
0.0011834399999999998,13,0.022898760623127748,0.3331216938695995,1,0.36203054113367633,1506745.7005011437,0.967756
0.0011837999999999998,6,0.022917732952518834,1.4080203407256497,1,1.4127241395604098,355373.6042701692,0.7578
0.0011841599999999999,14,0.02290245826112356,0.4370238890714304,1,0.4489013095026592,1147181.0320499437,0.878186
0.0011849999999999999,10,0.02290763791454687,0.8289317521561013,-1,0.8001823505548096,604094.5528794167,0.921681
0.0011858399999999999,11,0.022946982373340995,1.0153952460447955,1,1.025742488786025,492960.52372126037,0.752216
0.0011858399999999999,16,0.022946982373340995,0.058864259007663046,-1,0.028643942050919472,8614258.665513504,0.553724
0.0011861999999999999,16,0.022935480602352492,0.05884323479660102,-1,0.023679060601103974,8614258.665513504,0.553724
0.00118656,12,0.022908397610391852,0.21748438443282145,1,0.24085701144047228,2314214.833191395,1.054
0.0011870399999999999,7,0.022937092583358753,1.564996109013474,-1,1.5445144929346257,319680.8306586704,0.645607
0.00118728,5,0.022925910091076737,1.3182584043491952,-1,1.305138232908088,379627.66118990496,0.833947
0.0011891999999999998,9,0.022899004835476165,0.717827973792047,-1,0.6762802094390606,697905.8636654854,1.05649
0.0011891999999999998,10,0.022899004835476165,0.8289054635762076,1,0.8355891396496432,604094.5528794167,0.921681
0.00119148,9,0.022846323780593276,0.717643967975468,1,0.7333304819112916,697905.8636654854,1.05649
0.00119148,14,0.022846323780593276,0.43686091762014245,1,0.47244626137168844,1147181.0320499437,0.878186
0.0011916,10,0.022845057092441935,0.8287410750016252,1,0.8303529521085873,604094.5528794167,0.921681
0.001194,2,0.022930182971303174,2.1625760300097365,-1,2.157066652745046,231278.0424626486,0.473691
0.00119436,18,0.02291553685022965,0.20463016288542069,1,0.21504973388602489,2454565.9836427723,0.673174
0.0011950799999999998,4,0.022932656592741744,1.2173749024320153,-1,1.1869695995058118,411160.5417451298,0.909136
0.0011952,10,0.022914244238289864,0.828951865719955,-1,0.8261266800883453,604094.5528794167,0.921681
0.0011954399999999999,6,0.02288547159508962,1.4079395662151262,-1,1.386107989174547,355373.6042701692,0.7578
0.00119652,4,0.022848705852669085,1.2171226738998497,1,1.217850866848694,411160.5417451298,0.909136
0.00119748,11,0.022836106628294498,1.0151196253057548,-1,0.9570206814580046,492960.52372126037,0.752216
0.00119772,0,0.02284687375434493,2.056764841551027,-1,1.987999708472112,243156.3641315184,0.412252
0.00119784,17,0.022863534744950276,0.12909120992541065,1,0.16381739180557217,3897146.5093258717,0.656386
0.0011982,15,0.02285990057049343,0.6182338093163787,1,0.6257360968137464,809919.8989219966,0.74383
